id;name;title;email;location;jhi_type;is_contact_person;organization_id;app_account_id
2;contactX;developer;contactX@mail.com;location_x;PERSON;true;1;1
4;contaxtY;developer;contactY@contact.com;location_y;PERSON;true;3;2
10;Nels Postlewhite;Senior Financial Analyst;lealden1@networkadvertising.org;4416 Prairie Rose Lane;PERSON;true;3;2
11;Batholomew Ware;Tax Accountant;bschimonek2@google.de;80941 Ronald Regan Pass;PERSON;false;3;2
12;Kincaid Nutbrown;GIS Technical Architect;imathissen3@harvard.edu;998 Lakewood Gardens Center;PERSON;true;3;2
13;Merle Defont;Associate Professor;bwalch4@amazon.co.uk;4 Eggendart Park;PERSON;false;3;2
14;Jay Milburne;Junior Executive;nbatte5@mashable.com;92312 Blackbird Junction;PERSON;true;3;2
15;Ruben Ovise;Structural Engineer;dburgill6@apache.org;4 North Trail;PERSON;false;3;2
16;Jareb Schober;Internal Auditor;csindell7@reuters.com;8389 Scofield Pass;PERSON;true;3;2
17;Katti Fludgate;Research Assistant I;sdennerley8@joomla.org;9 Moland Circle;PERSON;false;3;2
18;Onofredo Toffoloni;Research Associate;vnicholson9@nsw.gov.au;4 Fordem Terrace;PERSON;true;3;2
19;Fernanda Zaniolo;Environmental Tech;bambresina@cbsnews.com;82 Express Drive;PERSON;false;3;2
20;Etty Langmaid;Paralegal;kmogfordb@microsoft.com;58492 Sunnyside Place;PERSON;true;3;2
21;Valencia Aisthorpe;Registered Nurse;wtearc@go.com;88683 Crescent Oaks Pass;PERSON;true;3;2
22;Othello Heathcote;Statistician III;hmayberyd@arstechnica.com;38 Boyd Circle;PERSON;false;3;2
23;Angelica Blackmuir;Financial Analyst;ckytleye@vk.com;46218 Randy Center;PERSON;true;3;2
24;Hynda Coling;Sales Associate;dportrissf@wunderground.com;7841 High Crossing Lane;PERSON;false;3;2
25;Paloma Hayman;Business Systems Development Analyst;rrubertg@theglobeandmail.com;66 Monica Drive;PERSON;true;3;2
26;Alexandro Glentworth;Account Executive;jstormouthh@goo.gl;205 Harper Center;PERSON;false;3;2
27;Jobyna Barraclough;Electrical Engineer;mtuilleri@toplist.cz;81767 Talmadge Point;PERSON;true;3;2
28;Kiersten McKenny;Editor;aspeechleyj@nifty.com;56 Talmadge Lane;PERSON;false;3;2
29;Ursa Mouser;Database Administrator II;bokenfoldk@cdc.gov;63 Sutherland Avenue;PERSON;true;3;2
30;Jessee MacGibbon;Programmer Analyst II;lwoodyattl@eventbrite.com;03 Becker Avenue;PERSON;false;3;2
