id;name;address;app_account_id
1001;labeles0;55052 Boyd Drive;1
1002;cpetrina1;7 Golden Leaf Road;1
1003;mtrevarthen2;32570 Rigney Place;1
1004;kbiasioni3;368 Nevada Way;1
1005;jfick4;27520 Hauk Plaza;1
1006;arentoll5;696 Nancy Lane;1
1007;jivery6;593 Kedzie Crossing;1
1008;rsimmank7;76307 Dennis Place;1
1009;dunderdown8;288 Pleasure Court;1
1010;ttuer9;7 Morning Junction;1
1011;rchampagnea;63401 Vahlen Parkway;1
1012;msnowdenb;9074 Golf Course Avenue;1
1013;dpockec;828 Independence Lane;1
1014;jvokesd;95 Moulton Plaza;1
1015;kmckimmiee;347 Forster Street;1
1016;gsheersf;80547 Red Cloud Terrace;1
1017;smattevig;0706 Fairview Crossing;1
1018;tizaksh;78144 Upham Alley;1
1019;tgrestyei;07 Marquette Alley;1
1020;cbraundsj;37051 Dorton Terrace;1
1021;idutteridgek;33 Kinsman Pass;1
1022;bmcguinleyl;6896 Portage Circle;1
1023;checksm;488 Stephen Crossing;1
1024;ncarmodyn;5294 South Park;1
1025;dskullo;482 Farmco Hill;1
1026;ccheshirep;1 Thompson Place;1
1027;jdilletq;5 Macpherson Pass;1
1028;prexworthyr;80 Green Place;1
1029;kquimbys;79082 Lakewood Gardens Park;1
1030;apackingtont;22857 Dawn Circle;1
1031;ayousonu;00503 Johnson Way;1
1032;nduffittv;4 Spenser Crossing;1
1033;lsebringw;06900 Spohn Court;1
1034;bhulmesx;8 Summit Pass;1
1035;lmatthiaey;1155 Roth Center;1
1036;elyddonz;6288 Straubel Pass;1
1037;nhunnybun10;5960 International Street;1
1038;dramsier11;34 Warner Park;1
1039;jshackesby12;3 Forest Drive;1
1040;etaylour13;44784 Arapahoe Drive;1
1041;hmontague14;068 Lakeland Parkway;1
1042;cdowd15;9 Westerfield Lane;1
1043;tjudson16;7 Rigney Court;1
1044;rmatthewes17;39 Nelson Circle;1
1045;daudsley18;80 American Ash Parkway;1
1046;bcalafato19;91 Springs Circle;1
1047;kbortoluzzi1a;37318 Pleasure Hill;1
1048;balliband1b;4946 Sachs Place;1
1049;raucutt1c;45752 Darwin Parkway;1
1050;raizikovdv;18163 Browning Terrace;1
2001;gbole1d;4858 Mayer Hill;2
2002;gchallicombe1e;952 Leroy Avenue;2
2003;bhearson1f;7986 Monument Way;2
2004;itolworthy1g;1274 Anzinger Road;2
2005;rdegoe1h;80 4th Park;2
2006;rbaroc1i;4 American Street;2
2007;cjulian1j;055 Charing Cross Plaza;2
2008;jmoulin1k;91961 Rowland Alley;2
2009;idittson1l;12 Dottie Place;2
2010;uwager1m;076 Carioca Center;2
2011;cpayler1n;8 Fieldstone Park;2
2012;mgolston1o;6078 Luster Avenue;2
2013;dblakeston1p;8016 Jenna Alley;2
2014;cbrader1q;4599 Dexter Trail;2
2015;adebow1r;4615 Coleman Court;2
2016;lmacnair1s;74 Fieldstone Park;2
2017;zdytham1t;755 Canary Parkway;2
2018;marno1u;800 Huxley Point;2
2019;ageraldi1v;52090 Graedel Road;2
2020;hgumley1w;51577 Walton Street;2
2021;bewence1x;24140 Grasskamp Crossing;2
2022;vchorley1y;5522 Loftsgordon Plaza;2
2023;jbindon1z;78043 Montana Street;2
2024;eomrod20;26288 Ridgeview Pass;2
2025;bahrenius21;438 Hauk Alley;2
2026;wredfearn22;89 Melody Place;2
2027;chiley23;78 Washington Road;2
2028;posboldstone24;519 Jackson Pass;2
2029;edyer25;16685 Ridgeway Way;2
2030;fkeneforde26;6 Morrow Alley;2
2031;thealey27;56 Arizona Trail;2
2032;osemechik28;83 Blackbird Plaza;2
2033;etiuit29;365 1st Trail;2
2034;cscaice2a;88 Melvin Parkway;2
2035;ccrone2b;64581 Huxley Way;2
2036;nhylton2c;29 David Terrace;2
2037;fbrunotti2d;34 Haas Alley;2
2038;claker2e;23035 Oak Valley Lane;2
2039;bgeall2f;505 Arapahoe Place;2
2040;jcrookston2g;82194 Moland Court;2
2041;cmatteo2h;75526 Mayfield Crossing;2
2042;blanghor2i;1749 Springview Park;2
2043;rsowle2j;3919 Rutledge Drive;2
2044;ngreenslade2k;7286 Garrison Parkway;2
2045;lsinncock2l;61888 Debs Park;2
2046;jblague2m;9039 Hauk Drive;2
2047;jloach2n;2602 Oakridge Center;2
2048;kgallager2o;0041 Ruskin Circle;2
2049;stindle2p;16 Union Street;2
2050;mstate2q;855 Lakewood Gardens Plaza;2
3001;gakerman2r;5390 Moose Alley;3
3002;abrookshaw2s;98476 Division Avenue;3
3003;ycristofari2t;7210 Merrick Hill;3
3004;rosborne2u;4 Fisk Crossing;3
3005;rmalt2v;05515 Talmadge Pass;3
3006;mivakhnov2w;42 Ryan Pass;3
3007;ablowin2x;5949 Old Gate Trail;3
3008;tetheredge2y;43500 Moland Park;3
3009;hvurley2z;0038 Manitowish Alley;3
3010;dwaldera30;6438 Dexter Place;3
3011;pshotboult31;6346 Fairview Court;3
3012;jtoe32;02103 Brentwood Place;3
3013;bholby33;36 Crest Line Way;3
3014;fsheran34;294 Mandrake Junction;3
3015;eduffield35;9 Barby Trail;3
3016;jsimchenko36;09 Erie Point;3
3017;blaflin37;57 Milwaukee Crossing;3
3018;falderton38;446 Dennis Park;3
3019;ovasechkin39;1550 Scofield Circle;3
3020;aboissieux3a;1 Grasskamp Avenue;3
3021;hglacken3b;0 Elka Parkway;3
3022;crankling3c;0 Esker Crossing;3
3023;ugrzesiewicz3d;8545 Fulton Drive;3
3024;awaterman3e;256 Kedzie Park;3
3025;gsollner3f;9658 Northridge Place;3
3026;mfirmager3g;91945 Prentice Circle;3
3027;eberndtssen3h;1688 Cody Parkway;3
3028;gbrager3i;97329 Golf View Court;3
3029;gsorsbie3j;8 Kensington Hill;3
3030;nflann3k;0900 Redwing Park;3
3031;jmaxwaile3l;2 Beilfuss Crossing;3
3032;wmordaunt3m;940 Tony Parkway;3
3033;kslocomb3n;09 Eagan Center;3
3034;ecrust3o;96758 Manitowish Hill;3
3035;egaucher3p;42 Helena Alley;3
3036;lkirkham3q;99882 Dorton Crossing;3
3037;pbrevetor3r;0 Holmberg Avenue;3
3038;lsiebart3s;5123 Burrows Pass;3
3039;eberens3t;3 Loeprich Way;3
3040;hromaine3u;04945 Bunting Court;3
3041;nianson3v;263 Ridgeview Way;3
3042;mheersma3w;06 Mosinee Way;3
3043;nregus3x;704 Chinook Place;3
3044;bmohammed3y;246 Carioca Center;3
3045;lbennedsen3z;321 Merry Road;3
3046;ehovie40;3011 Steensland Park;3
3047;sheaysman41;29363 Sullivan Court;3
3048;gsidary42;54 Derek Park;3
3049;iloxton43;3590 Mockingbird Park;3
3050;ctoffetto44;4050 Northwestern Avenue;3
4001;cstidson45;26 Menomonie Circle;4
4002;trowden46;6735 Orin Center;4
4003;glapish47;52435 Fallview Park;4
4004;vtomczak48;0714 Trailsway Alley;4
4005;pdessent49;204 North Street;4
4006;vbartolomeotti4a;4459 Mendota Way;4
4007;dgovan4b;95 Oneill Hill;4
4008;emotte4c;63 Northridge Alley;4
4009;jedger4d;8550 Kropf Junction;4
4010;xpetrelli4e;1 Bellgrove Hill;4
4011;aherkess4f;3235 Annamark Park;4
4012;rkirkpatrick4g;4 Old Gate Street;4
4013;bhuggard4h;2818 Morrow Street;4
4014;pmaykin4i;4 Hansons Court;4
4015;eedelston4j;1 Autumn Leaf Street;4
4016;cmacdaid4k;1714 Merrick Plaza;4
4017;ithreader4l;6734 Mosinee Park;4
4018;gfadell4m;2249 Coleman Way;4
4019;hgonzales4n;3294 Cambridge Plaza;4
4020;ggeany4o;62045 Anderson Hill;4
4021;zdecort4p;27 Paget Plaza;4
4022;msells4q;2154 Graedel Court;4
4023;bpadrick4r;6707 Miller Terrace;4
4024;bstainburn4s;548 Basil Hill;4
4025;acoate4t;2 Artisan Crossing;4
4026;cwingatt4u;747 Carpenter Drive;4
4027;sludmann4v;48 Sachtjen Street;4
4028;salejandro4w;1 Meadow Valley Circle;4
4029;jwoodwin4x;9 Sommers Place;4
4030;thaddy4y;18555 Autumn Leaf Circle;4
4031;aruxton4z;656 Dexter Pass;4
4032;santunes50;6 Everett Trail;4
4033;dkulicke51;27 Petterle Hill;4
4034;mferschke52;0 Quincy Crossing;4
4035;afardell53;33966 Summit Plaza;4
4036;rblitzer54;3 Emmet Park;4
4037;drickaby55;865 Anzinger Trail;4
4038;jspeechly56;8468 Spaight Crossing;4
4039;areeday57;00879 Stoughton Point;4
4040;hsparshatt58;5 Hoepker Road;4
4041;bellicock59;8 Coleman Hill;4
4042;vcruwys5a;619 Lerdahl Street;4
4043;gthomerson5b;88 Golf Court;4
4044;meliaz5c;9000 Manley Court;4
4045;ejakoub5d;12225 Loeprich Road;4
4046;bbernard5e;79663 Old Gate Center;4
4047;pgimlet5f;7036 Bellgrove Court;4
4048;jsparkwell5g;9301 Stoughton Parkway;4
4049;navrahm5h;76557 Elmside Pass;4
4050;bwallach5i;839 Sullivan Way;4
5001;pmudle5j;82942 Melvin Plaza;5
5002;cyakuntzov5k;462 Beilfuss Way;5
5003;cmaunton5l;1727 Lillian Hill;5
5004;bfears5m;00595 Killdeer Point;5
5005;nmundle5n;0 Pierstorff Plaza;5
5006;eivashov5o;4044 Bartelt Center;5
5007;cwitchell5p;59009 Sutteridge Pass;5
5008;elyffe5q;04 Grayhawk Court;5
5009;swithrop5r;78207 Carpenter Parkway;5
5010;mchastaing5s;6383 Loeprich Court;5
5011;lhepher5t;12 Lake View Terrace;5
5012;adarridon5u;78228 Cordelia Center;5
5013;stomaschke5v;2 Bay Plaza;5
5014;nbidewell5w;528 Pine View Point;5
5015;zponde5x;86142 Dexter Center;5
5016;crodie5y;6619 Schurz Point;5
5017;ckittoe5z;8 Blue Bill Park Crossing;5
5018;kseabrook60;738 Esch Alley;5
5019;sciotti61;0 Grasskamp Crossing;5
5020;pcass62;83211 High Crossing Circle;5
5021;pbrinson63;54 Oneill Court;5
5022;fcammomile64;47454 Kenwood Way;5
5023;vgeall65;0 Vidon Plaza;5
5024;thymer66;6 Manley Place;5
5025;zmaude67;09317 Jay Road;5
5026;cvalintine68;9427 Chive Trail;5
5027;bdicky69;2292 Del Sol Court;5
5028;rpester6a;5460 Basil Avenue;5
5029;amckeney6b;30942 Brickson Park Way;5
5030;nsurgood6c;706 Grasskamp Parkway;5
5031;cdominguez6d;55736 Dawn Avenue;5
5032;rmccaughen6e;6 Kingsford Park;5
5033;kroffe6f;60770 Elmside Alley;5
5034;jsmail6g;6228 Sloan Drive;5
5035;cgiroldi6h;4475 Dunning Park;5
5036;gdovington6i;5 Transport Avenue;5
5037;eiannazzi6j;73700 Tony Crossing;5
5038;ladamowitz6k;159 Longview Terrace;5
5039;momulderrig6l;06606 Hanover Point;5
5040;awestmacott6m;5589 Utah Place;5
5041;lscurfield6n;5 Sauthoff Avenue;5
5042;ddmitriev6o;52716 Utah Alley;5
5043;ddrinkel6p;5 Monica Street;5
5044;climrick6q;5 Kings Terrace;5
5045;ashankle6r;13188 Reindahl Terrace;5
5046;csheehan6s;06362 Harper Terrace;5
5047;phazeldean6t;8115 Eliot Way;5
5048;alissandre6u;5799 Schiller Lane;5
5049;epomroy6v;007 Prentice Center;5
5050;areame6w;555 Sunbrook Alley;5
6001;echritchley6x;83 Ohio Park;6
6002;dantoniak6y;54919 Arkansas Point;6
6003;jskerratt6z;83040 Coleman Circle;6
6004;ljeens70;448 Novick Hill;6
6005;bganiclef71;266 Pond Plaza;6
6006;vdodgson72;1823 Almo Center;6
6007;wvasyukhnov73;51924 Utah Road;6
6008;csiuda74;1572 Kipling Crossing;6
6009;kantoni75;9394 Rieder Park;6
6010;sbarlow76;8 Barby Alley;6
6011;lmaha77;133 Schiller Drive;6
6012;jprynne78;28 Heath Road;6
6013;ascouller79;9514 Roxbury Terrace;6
6014;cgrevatt7a;15 Corben Center;6
6015;nbaszniak7b;3619 Moose Lane;6
6016;uenglishby7c;53 Bunting Park;6
6017;mcaldroni7d;8 8th Center;6
6018;bflitcroft7e;016 Upham Park;6
6019;nbonwick7f;18525 Carberry Park;6
6020;miban7g;57 Pleasure Place;6
6021;amcquode7h;75247 Mesta Plaza;6
6022;tflower7i;2688 Nobel Court;6
6023;asmalecombe7j;920 Spaight Alley;6
6024;emccrossan7k;49550 Golf Way;6
6025;cricardot7l;89988 Bay Junction;6
6026;sgoncalo7m;02 Erie Place;6
6027;adunthorn7n;426 Transport Drive;6
6028;plakin7o;81845 Alpine Pass;6
6029;treignolds7p;07 Lighthouse Bay Crossing;6
6030;baleso7q;7430 Meadow Ridge Circle;6
6031;gburden7r;31579 Algoma Circle;6
6032;acapnerhurst7s;316 Vera Lane;6
6033;bcogzell7t;536 Debs Hill;6
6034;dpharrow7u;79220 Glendale Street;6
6035;ebrinkman7v;94 Summerview Parkway;6
6036;cgalton7w;17 Twin Pines Place;6
6037;dmccaughen7x;65 Oak Valley Lane;6
6038;lsliney7y;8222 Jenna Point;6
6039;gboyle7z;85 Derek Avenue;6
6040;bganderton80;54 Quincy Trail;6
6041;apaolone81;42 Buhler Avenue;6
6042;dweepers82;59712 Lighthouse Bay Terrace;6
6043;gcowland83;14 Cottonwood Parkway;6
6044;cstabbins84;99 Towne Point;6
6045;akastel85;39 Bayside Road;6
6046;mquadri86;5311 Ludington Junction;6
6047;jshenton87;77687 Aberg Avenue;6
6048;cwims88;13739 Shoshone Junction;6
6049;ccroysdale89;8 Anniversary Drive;6
6050;emcgeachy8a;8085 Arizona Lane;6
7001;tpicardo8b;8661 Beilfuss Street;7
7002;wulster8c;3311 Tennessee Road;7
7003;kgriffitt8d;62732 Bowman Point;7
7004;lpaulton8e;9238 Eastwood Center;7
7005;lstreader8f;0056 Cambridge Parkway;7
7006;tdobrovolski8g;95 Cordelia Court;7
7007;shelm8h;325 School Alley;7
7008;aenns8i;9 Hooker Plaza;7
7009;akitchingham8j;3320 Johnson Junction;7
7010;lcooling8k;785 Kings Lane;7
7011;pfairchild8l;7564 Reinke Way;7
7012;gtimblett8m;70014 Alpine Trail;7
7013;aocalleran8n;68 Bashford Court;7
7014;tdewfall8o;3338 Riverside Circle;7
7015;bgoggen8p;448 Stone Corner Lane;7
7016;apresman8q;1578 Glendale Pass;7
7017;jgudge8r;9168 Victoria Center;7
7018;nmaccarrane8s;3405 Hansons Plaza;7
7019;cmacdunleavy8t;61 Cordelia Court;7
7020;gcust8u;3 Miller Circle;7
7021;wballeine8v;27 Carioca Place;7
7022;bdodshon8w;86374 Porter Terrace;7
7023;beglese8x;6334 Clarendon Avenue;7
7024;rcobbledick8y;69 Vera Junction;7
7025;cpinkard8z;63897 Vernon Trail;7
7026;ncraine90;5 Waxwing Hill;7
7027;smountney91;1 Sachs Road;7
7028;fmacilory92;6586 Banding Plaza;7
7029;mmcelwee93;67 Lotheville Street;7
7030;apetrovykh94;5 Manley Plaza;7
7031;msquelch95;75 Larry Trail;7
7032;bemett96;079 8th Pass;7
7033;fford97;8255 Meadow Ridge Place;7
7034;spala98;621 Mesta Lane;7
7035;hcurle99;475 Pankratz Street;7
7036;ddewett9a;2 Garrison Plaza;7
7037;jbourton9b;1 Warrior Park;7
7038;bsenner9c;5489 Straubel Court;7
7039;jlillegard9d;62 Merrick Drive;7
7040;ggadney9e;49102 1st Point;7
7041;msummerskill9f;743 Burning Wood Crossing;7
7042;awolton9g;026 Crowley Lane;7
7043;kshevlin9h;545 Northfield Point;7
7044;skubik9i;5 Goodland Parkway;7
7045;kodom9j;4 6th Point;7
7046;pcrinkley9k;0160 Pepper Wood Parkway;7
7047;osherrell9l;90335 Algoma Terrace;7
7048;cgiacopelo9m;9 Thompson Court;7
7049;ecussons9n;941 Crowley Point;7
7050;bsokell9o;3 6th Way;7
8001;lchinnick9p;493 Bellgrove Crossing;8
8002;fbarnsley9q;05481 4th Parkway;8
8003;bjanczak9r;4888 Morningstar Hill;8
8004;favrahamof9s;94 Oriole Junction;8
8005;ccoyett9t;44 Forest Dale Avenue;8
8006;mdibner9u;5371 Melby Place;8
8007;scandlin9v;16 Northridge Court;8
8008;pstoltz9w;625 Sachs Point;8
8009;bpiegrome9x;7 Schiller Alley;8
8010;csor9y;779 Victoria Hill;8
8011;jandreix9z;6220 Summer Ridge Drive;8
8012;slackneya0;81416 Orin Court;8
8013;gkliemkea1;65 Thierer Parkway;8
8014;ckelbiea2;124 Boyd Drive;8
8015;dmaccolgana3;0458 Kedzie Lane;8
8016;cstronacha4;0276 Longview Court;8
8017;mruffeya5;13596 Myrtle Lane;8
8018;kdailea6;0945 Dunning Lane;8
8019;enecrewsa7;3 Arapahoe Street;8
8020;aheighta8;64 Portage Parkway;8
8021;kmcmurraya9;5883 Buell Plaza;8
8022;scomminaa;5893 Moland Hill;8
8023;bpulestonab;5108 Spenser Street;8
8024;mstacyac;75 Knutson Court;8
8025;lklessad;1073 Kipling Road;8
8026;kjothamae;2906 Maple Wood Parkway;8
8027;kleggingaf;46655 Surrey Way;8
8028;alettereseag;592 Mallory Park;8
8029;rbefroyah;32343 Amoth Place;8
8030;bandrusovai;920 Weeping Birch Point;8
8031;nanslowaj;33821 Thierer Park;8
8032;ktabourinak;60 Longview Trail;8
8033;aizzettal;71 Erie Center;8
8034;cdambrogioam;262 Kingsford Hill;8
8035;ccosinsan;9 Michigan Crossing;8
8036;tdasentao;4 Hintze Center;8
8037;hguytonap;5941 Mitchell Center;8
8038;hnarupaq;2765 Grasskamp Point;8
8039;rpassinghamar;630 Loeprich Road;8
8040;hvenningsas;26917 Marquette Parkway;8
8041;pjennyat;94305 Granby Place;8
8042;emcteggartau;480 Pennsylvania Circle;8
8043;hchalliceav;84449 Pankratz Circle;8
8044;acorsellesaw;92 Dunning Circle;8
8045;bberzinsax;0 Kenwood Junction;8
8046;fsandomay;6286 Clarendon Center;8
8047;ehalsteadaz;3358 Nelson Alley;8
8048;yadamowitzb0;9 Ohio Drive;8
8049;ecathieb1;3260 Ridgeview Point;8
8050;vborleaseb2;5 Forest Drive;8
9001;isankeyb3;9738 Montana Circle;9
9002;lfawcittb4;32 Nelson Plaza;9
9003;wdiclaudiob5;504 Moulton Point;9
9004;ddykasb6;4170 Banding Place;9
9005;wtremblotb7;7607 Carioca Park;9
9006;kkitchinerb8;8160 Summerview Avenue;9
9007;vbortolib9;452 Clemons Court;9
9008;sclagueba;87612 Glacier Hill Center;9
9009;hwibberleybb;51625 Arkansas Hill;9
9010;ltodorbc;29540 Sheridan Terrace;9
9011;nhargessbd;8 Cody Plaza;9
9012;achauncebe;89622 Loftsgordon Pass;9
9013;scolebybf;96156 Shoshone Way;9
9014;ldayerbg;35 Eagle Crest Terrace;9
9015;fgritlandbh;15 Dovetail Lane;9
9016;lmeacebi;31716 Jay Circle;9
9017;mstirlingbj;674 Tennyson Pass;9
9018;gbeaumontbk;4 Merry Road;9
9019;ahaspineallbl;92 Heath Way;9
9020;cphebeebm;49 Bunting Court;9
9021;mmarvalbn;92564 Mccormick Street;9
9022;cosbornebo;6827 Delladonna Point;9
9023;apobp;72 Dorton Junction;9
9024;llambiebq;77 Fisk Lane;9
9025;bcaesmanbr;38240 Independence Alley;9
9026;ahalvorsenbs;144 Laurel Circle;9
9027;hstonnellbt;20 Dakota Road;9
9028;bcolquytebu;6153 Sunfield Avenue;9
9029;oguillfordbv;9365 Swallow Lane;9
9030;rvondrachbw;5 Dunning Center;9
9031;acarnallbx;320 Sunnyside Plaza;9
9032;sgrenkovby;2676 Green Ridge Junction;9
9033;hraffonbz;36 6th Court;9
9034;bmilbankc0;412 Vera Park;9
9035;ugordonc1;57 Walton Place;9
9036;mbentingc2;111 Utah Terrace;9
9037;htampionc3;94 Maywood Trail;9
9038;smcsperrinc4;3 Fairfield Crossing;9
9039;audyc5;1621 Anniversary Drive;9
9040;bhickinc6;0111 West Point;9
9041;rmilleryc7;08 Kedzie Way;9
9042;klummisc8;66 La Follette Pass;9
9043;gklammtc9;70 Trailsway Plaza;9
9044;ebehanca;227 Bluejay Drive;9
9045;bdunleacb;44 Redwing Drive;9
9046;lriddickcc;98 Harper Road;9
9047;hbenardcd;667 Macpherson Avenue;9
9048;headsce;48 Grim Way;9
9049;disaqcf;86027 Springview Parkway;9
9050;jbenieshcg;7779 Calypso Circle;9
9051;dsoanch;56 Transport Point;9
9052;aebbuttci;43 International Way;9
9053;tmacdowallcj;26892 Jana Park;9
9054;dhuggillck;759 Bowman Place;9
9055;mdavydochcl;74 Dorton Lane;9
9056;cgodlipcm;20 Veith Street;9
9057;hhyettcn;2310 2nd Hill;9
9058;owindebankco;33 Garrison Junction;9
9059;gfiggesscp;98 Village Green Pass;9
9060;dogbournecq;9202 Wayridge Hill;9
9061;pcastagnetocr;7 Nancy Avenue;9
9062;aheffroncs;807 Birchwood Street;9
9063;twhitseyct;74 Reindahl Street;9
9064;cfarrecu;63 Oneill Point;9
9065;lsimounetcv;1 Red Cloud Point;9
9066;pburnipcw;34877 Forest Dale Alley;9
9067;bpavittcx;878 Fair Oaks Junction;9
9068;tstuddeardcy;61620 Judy Lane;9
9069;tmulheroncz;81840 Fremont Place;9
9070;cgrovehamd0;70 Monterey Park;9
9071;schaperlingd1;8126 Forest Run Street;9
9072;dmacsweeneyd2;3456 Talisman Hill;9
9073;jparadind3;63 Dixon Plaza;9
9074;sfarbrotherd4;69 Stephen Street;9
9075;ebuckwelld5;895 Scott Drive;9
9076;dflugerd6;25567 Fuller Court;9
9077;wmcnabd7;1938 1st Circle;9
9078;clawtied8;05668 Carey Alley;9
9079;ghaugend9;9 Montana Drive;9
9080;myanyushkinda;3 Ridge Oak Junction;9
9081;ctilbrookdb;26 Talmadge Center;9
9082;wbarfielddc;4468 Dwight Court;9
9083;elynchdd;81251 Texas Crossing;9
9084;jaggetde;973 Petterle Street;9
9085;jphillpotdf;90 Macpherson Road;9
9086;flungedg;3720 Fair Oaks Crossing;9
9087;bkelseydh;695 Quincy Court;9
9088;ramangerdi;07 Petterle Alley;9
9089;gpauloudj;85 Spenser Pass;9
9090;vhaytondk;74234 Schmedeman Terrace;9
9091;mgrushindl;66 Sherman Road;9
9092;svanarsdalldm;9 Stone Corner Trail;9
9093;kforrestilldn;8364 Basil Junction;9
9094;mlarcherdo;5763 Crescent Oaks Parkway;9
9095;bmerlindp;48699 Lakewood Hill;9
9096;mmontrosedq;72957 Amoth Pass;9
9097;kbornedr;0388 6th Center;9
9098;foliphandds;1 Buena Vista Street;9
9099;ogumbrelldt;31 Shoshone Trail;9
9100;fcogdondu;7288 West Pass;9
