id;name;address;login;email;app_account_id;gender
100;Juli;Bucklan;jbucklan0@blogtalkradio.com;jbucklan0@huffingtonpost.com;1;M
101;Ruy;Sivess;rsivess1@ezinearticles.com;rsivess1@macromedia.com;1;M
102;Lynett;Caldron;lcaldron2@live.com;lcaldron2@acquirethisname.com;1;M
103;Ravid;Shine;rshine3@state.tx.us;rshine3@soup.io;1;M
104;Stanislaw;Baal;sbaal4@cnet.com;sbaal4@vinaora.com;1;M
105;Ibby;Risbrough;irisbrough5@smugmug.com;irisbrough5@omniture.com;1;M
106;Daria;Lief;dlief6@rambler.ru;dlief6@domainmarket.com;1;M
107;Lyle;Bownd;lbownd7@wordpress.com;lbownd7@twitpic.com;1;M
108;Jenn;Cabedo;jcabedo8@house.gov;jcabedo8@nsw.gov.au;1;M
109;Clay;Rolls;crolls9@economist.com;crolls9@google.pl;1;M
110;Arel;Chaney;achaneya@feedburner.com;achaneya@disqus.com;1;M
111;Kenon;Livard;klivardb@nbcnews.com;klivardb@bravesites.com;1;M
112;Rainer;Worboys;rworboysc@webs.com;rworboysc@sohu.com;1;M
113;Carree;Maneylaws;cmaneylawsd@narod.ru;cmaneylawsd@umn.edu;1;M
114;Rad;Fruen;rfruene@imgur.com;rfruene@dailymail.co.uk;1;M
115;Berk;Marler;bmarlerf@va.gov;bmarlerf@boston.com;1;M
116;Darrick;Ogers;dogersg@slashdot.org;dogersg@elpais.com;1;M
117;Sayers;Winterflood;swinterfloodh@themeforest.net;swinterfloodh@flavors.me;1;M
118;Sherlocke;Lyons;slyonsi@taobao.com;slyonsi@flickr.com;1;M
119;Christel;Larter;clarterj@goodreads.com;clarterj@weather.com;1;M
120;Hamish;Tuberfield;htuberfieldk@dropbox.com;htuberfieldk@hibu.com;1;M
121;Mariquilla;Bedo;mbedol@hostgator.com;mbedol@rediff.com;1;M
122;Verna;Dewbury;vdewburym@dmoz.org;vdewburym@msn.com;1;M
123;Dena;Edwin;dedwinn@statcounter.com;dedwinn@netlog.com;1;M
124;Josephine;Donne;jdonneo@uol.com.br;jdonneo@forbes.com;1;M
125;Shelley;Gorbell;sgorbellp@ca.gov;sgorbellp@skyrock.com;1;M
126;Susanne;Grigoriev;sgrigorievq@themeforest.net;sgrigorievq@about.me;1;M
127;Cristobal;Magwood;cmagwoodr@theglobeandmail.com;cmagwoodr@flickr.com;1;M
128;Broderic;Glanz;bglanzs@unblog.fr;bglanzs@istockphoto.com;1;M
129;Cathyleen;Bovingdon;cbovingdont@technorati.com;cbovingdont@csmonitor.com;1;M
130;Deloris;Leipelt;dleipeltu@ovh.net;dleipeltu@clickbank.net;1;M
131;Warden;De Ferraris;wdeferrarisv@pagesperso-orange.fr;wdeferrarisv@dot.gov;1;M
132;Laverna;Worthing;lworthingw@kickstarter.com;lworthingw@bing.com;1;M
133;Otha;Rotherforth;orotherforthx@google.co.jp;orotherforthx@godaddy.com;1;M
134;Norine;Skillen;nskilleny@psu.edu;nskilleny@columbia.edu;1;M
135;Brian;Vanyatin;bvanyatinz@t-online.de;bvanyatinz@salon.com;1;M
136;Crin;Imms;cimms10@tiny.cc;cimms10@unblog.fr;1;M
137;Beryl;Gawthrop;bgawthrop11@google.fr;bgawthrop11@amazon.com;1;M
138;Michele;Eccersley;meccersley12@lycos.com;meccersley12@storify.com;1;M
139;Marthena;Satterly;msatterly13@ibm.com;msatterly13@hibu.com;1;M
140;Bellina;Sinnock;bsinnock14@abc.net.au;bsinnock14@jiathis.com;1;M
141;Ana;Goodlife;agoodlife15@blogger.com;agoodlife15@webs.com;1;M
142;Llywellyn;Bearward;lbearward16@blog.com;lbearward16@stumbleupon.com;1;M
143;Fraser;Pigney;fpigney17@unicef.org;fpigney17@google.nl;1;M
144;Cob;Bambrough;cbambrough18@bbb.org;cbambrough18@odnoklassniki.ru;1;M
145;Marje;Kilty;mkilty19@rediff.com;mkilty19@51.la;1;M
146;Elias;Ogilvie;eogilvie1a@rediff.com;eogilvie1a@usatoday.com;1;M
147;Daisie;Sherrock;dsherrock1b@who.int;dsherrock1b@admin.ch;1;M
148;Mahmud;Tille;mtille1c@sfgate.com;mtille1c@moonfruit.com;1;M
149;Giffer;Baglow;gbaglow1d@hugedomains.com;gbaglow1d@cornell.edu;1;M
150;Taylor;Kunisch;tkunisch1e@cloudflare.com;tkunisch1e@reddit.com;1;M
151;Zahara;Gammel;zgammel1f@paypal.com;zgammel1f@networksolutions.com;1;M
152;Wald;Llewhellin;wllewhellin1g@cnn.com;wllewhellin1g@lycos.com;1;M
153;Bear;Bowmaker;bbowmaker1h@alexa.com;bbowmaker1h@harvard.edu;1;M
154;Laney;Harby;lharby1i@disqus.com;lharby1i@domainmarket.com;1;M
155;Maryl;Hawkin;mhawkin1j@youtu.be;mhawkin1j@deliciousdays.com;1;M
156;Mike;Hellsdon;mhellsdon1k@reverbnation.com;mhellsdon1k@slate.com;1;M
157;Ruthy;Moline;rmoline1l@prweb.com;rmoline1l@dell.com;1;M
158;Shawn;Bunney;sbunney1m@state.gov;sbunney1m@arizona.edu;1;M
159;Sofie;Cutford;scutford1n@live.com;scutford1n@github.io;1;M
160;Ganny;Vescovini;gvescovini1o@google.cn;gvescovini1o@adobe.com;1;M
161;Jerry;Mueller;jmueller1p@shutterfly.com;jmueller1p@thetimes.co.uk;1;M
162;Kari;Lardiner;klardiner1q@infoseek.co.jp;klardiner1q@scientificamerican.com;1;M
163;Drusilla;Ewings;dewings1r@tinypic.com;dewings1r@google.de;1;M
164;Ariadne;Fidge;afidge1s@instagram.com;afidge1s@archive.org;1;M
165;Agnesse;Maddicks;amaddicks1t@cbsnews.com;amaddicks1t@purevolume.com;1;M
166;Pippa;McGinly;pmcginly1u@senate.gov;pmcginly1u@tripadvisor.com;1;M
167;Christel;Ceaser;cceaser1v@cbc.ca;cceaser1v@fotki.com;1;M
168;Thomasine;Mcwhinney;tmcwhinney1w@bbc.co.uk;tmcwhinney1w@topsy.com;1;M
169;Dill;Stedell;dstedell1x@deliciousdays.com;dstedell1x@yolasite.com;1;M
170;Prescott;Rantoul;prantoul1y@bizjournals.com;prantoul1y@ed.gov;1;M
171;Jordana;Redan;jredan1z@slashdot.org;jredan1z@utexas.edu;1;M
172;Jasmin;Blaydon;jblaydon20@e-recht24.de;jblaydon20@php.net;1;M
173;Debby;Moreing;dmoreing21@diigo.com;dmoreing21@istockphoto.com;1;M
174;Nicolea;Scholz;nscholz22@surveymonkey.com;nscholz22@goodreads.com;1;M
175;Shawn;Adkin;sadkin23@icio.us;sadkin23@blogs.com;1;M
176;Kameko;Dooly;kdooly24@jugem.jp;kdooly24@phpbb.com;1;M
177;Benoite;Chaplyn;bchaplyn25@usa.gov;bchaplyn25@ning.com;1;M
178;Ezmeralda;Jannasch;ejannasch26@sun.com;ejannasch26@about.me;1;M
179;Lazarus;MacCulloch;lmacculloch27@businesswire.com;lmacculloch27@hubpages.com;1;M
180;Angy;Karolovsky;akarolovsky28@npr.org;akarolovsky28@amazon.co.uk;1;M
181;Costanza;Corpes;ccorpes29@paginegialle.it;ccorpes29@hatena.ne.jp;1;M
182;Karrie;Zollner;kzollner2a@economist.com;kzollner2a@wikia.com;1;M
183;Poul;Sollitt;psollitt2b@google.es;psollitt2b@ihg.com;1;M
184;Rhona;Crutchley;rcrutchley2c@a8.net;rcrutchley2c@wikipedia.org;1;M
185;Ali;Pickerin;apickerin2d@telegraph.co.uk;apickerin2d@vinaora.com;1;M
186;Keslie;Colisbe;kcolisbe2e@gnu.org;kcolisbe2e@bbb.org;1;M
187;Mitzi;Reape;mreape2f@ifeng.com;mreape2f@addtoany.com;1;M
188;Corabella;Waddington;cwaddington2g@abc.net.au;cwaddington2g@ow.ly;1;M
189;Trstram;Waldron;twaldron2h@businessinsider.com;twaldron2h@canalblog.com;1;M
190;Kayley;Nanson;knanson2i@apple.com;knanson2i@yolasite.com;1;M
191;Wenonah;Gerty;wgerty2j@walmart.com;wgerty2j@nature.com;1;M
192;Eldin;Idenden;eidenden2k@abc.net.au;eidenden2k@parallels.com;1;M
193;Alfredo;Madill;amadill2l@php.net;amadill2l@answers.com;1;M
194;Caleb;Kevern;ckevern2m@nasa.gov;ckevern2m@howstuffworks.com;1;M
195;Maxine;Secker;msecker2n@webnode.com;msecker2n@house.gov;1;M
196;Vivie;Pickton;vpickton2o@aboutads.info;vpickton2o@cbsnews.com;1;M
197;Pauly;Ellicombe;pellicombe2p@facebook.com;pellicombe2p@buzzfeed.com;1;M
198;Miriam;Petrolli;mpetrolli2q@list-manage.com;mpetrolli2q@amazon.co.uk;1;M
199;Stanton;Eshmade;seshmade2r@a8.net;seshmade2r@usa.gov;1;M
200;Janeen;Ellwell;jellwell2s@myspace.com;jellwell2s@amazon.co.uk;2;M
201;Aile;Haugeh;ahaugeh2t@flickr.com;ahaugeh2t@wsj.com;2;M
202;Elwood;Tort;etort2u@senate.gov;etort2u@cam.ac.uk;2;M
203;Shelia;Horick;shorick2v@theguardian.com;shorick2v@icio.us;2;M
204;Tomasine;Crighten;tcrighten2w@ibm.com;tcrighten2w@noaa.gov;2;M
205;Nolana;Toping;ntoping2x@ted.com;ntoping2x@cornell.edu;2;M
206;Ashien;Postans;apostans2y@tumblr.com;apostans2y@ucsd.edu;2;M
207;Bert;Saller;bsaller2z@livejournal.com;bsaller2z@sohu.com;2;M
208;Ivett;Treversh;itreversh30@samsung.com;itreversh30@cbc.ca;2;M
209;Griffie;Fortnum;gfortnum31@cloudflare.com;gfortnum31@mashable.com;2;M
210;Daisi;Klezmski;dklezmski32@g.co;dklezmski32@hexun.com;2;M
211;Mozes;Filewood;mfilewood33@prnewswire.com;mfilewood33@youku.com;2;M
212;Sacha;Gewer;sgewer34@utexas.edu;sgewer34@businessinsider.com;2;M
213;Raven;Lillegard;rlillegard35@netlog.com;rlillegard35@bing.com;2;M
214;Sasha;Boutellier;sboutellier36@exblog.jp;sboutellier36@nba.com;2;M
215;Gwynne;Scown;gscown37@sphinn.com;gscown37@unicef.org;2;M
216;Job;Eldritt;jeldritt38@google.cn;jeldritt38@hibu.com;2;M
217;Kerianne;McGreay;kmcgreay39@sciencedirect.com;kmcgreay39@facebook.com;2;M
218;Marchall;Sellek;msellek3a@ezinearticles.com;msellek3a@163.com;2;M
219;Ricki;Birtle;rbirtle3b@fc2.com;rbirtle3b@mashable.com;2;M
220;Vite;Humm;vhumm3c@cdc.gov;vhumm3c@cloudflare.com;2;M
221;Rebekkah;Brandes;rbrandes3d@usgs.gov;rbrandes3d@163.com;2;M
222;Orlan;Gorringe;ogorringe3e@hostgator.com;ogorringe3e@bizjournals.com;2;M
223;Shanta;Yonge;syonge3f@nasa.gov;syonge3f@springer.com;2;M
224;Mirella;Dundon;mdundon3g@odnoklassniki.ru;mdundon3g@fema.gov;2;M
225;Leland;Barrass;lbarrass3h@last.fm;lbarrass3h@fema.gov;2;M
226;Elisabet;Juschka;ejuschka3i@google.ca;ejuschka3i@gnu.org;2;M
227;Georgiana;Bridewell;gbridewell3j@cbslocal.com;gbridewell3j@scribd.com;2;M
228;Goddard;Clayson;gclayson3k@chronoengine.com;gclayson3k@google.it;2;M
229;Lucina;Wyatt;lwyatt3l@digg.com;lwyatt3l@marriott.com;2;M
230;Ryun;Wattingham;rwattingham3m@mail.ru;rwattingham3m@wufoo.com;2;M
231;Alison;Goldin;agoldin3n@newyorker.com;agoldin3n@reference.com;2;M
232;Bent;Lidgely;blidgely3o@slate.com;blidgely3o@webs.com;2;M
233;Lexy;Mulvany;lmulvany3p@xinhuanet.com;lmulvany3p@amazon.co.jp;2;M
234;Patricia;Brasener;pbrasener3q@hc360.com;pbrasener3q@state.tx.us;2;M
235;Shoshana;McGrayle;smcgrayle3r@howstuffworks.com;smcgrayle3r@examiner.com;2;M
236;Cymbre;Lucas;clucas3s@irs.gov;clucas3s@gizmodo.com;2;M
237;Bink;Dunnet;bdunnet3t@auda.org.au;bdunnet3t@ca.gov;2;M
238;Muire;MacKenney;mmackenney3u@github.io;mmackenney3u@salon.com;2;M
239;Robinett;Agastina;ragastina3v@acquirethisname.com;ragastina3v@nsw.gov.au;2;M
240;Germaine;Bray;gbray3w@apple.com;gbray3w@diigo.com;2;M
241;Del;Suddock;dsuddock3x@narod.ru;dsuddock3x@sun.com;2;M
242;Gris;Glanfield;gglanfield3y@nbcnews.com;gglanfield3y@unicef.org;2;M
243;Inness;Sallowaye;isallowaye3z@nyu.edu;isallowaye3z@slate.com;2;M
244;Peggy;Ciciura;pciciura40@buzzfeed.com;pciciura40@reference.com;2;M
245;Cyrille;Coniam;cconiam41@oakley.com;cconiam41@phoca.cz;2;M
246;Corey;Boltwood;cboltwood42@hibu.com;cboltwood42@sohu.com;2;M
247;Claude;Kinloch;ckinloch43@cyberchimps.com;ckinloch43@auda.org.au;2;M
248;Heinrick;Swaile;hswaile44@hud.gov;hswaile44@miibeian.gov.cn;2;M
249;Susette;Pomfret;spomfret45@so-net.ne.jp;spomfret45@yellowbook.com;2;M
250;Clemens;Ryles;cryles46@163.com;cryles46@tinyurl.com;2;M
251;Shandra;Hadland;shadland47@lulu.com;shadland47@usa.gov;2;M
252;Stanislaus;McKissack;smckissack48@gmpg.org;smckissack48@over-blog.com;2;M
253;Wilow;Petrushkevich;wpetrushkevich49@un.org;wpetrushkevich49@last.fm;2;M
254;Cordy;Gyles;cgyles4a@homestead.com;cgyles4a@wiley.com;2;M
255;Rosmunda;Scading;rscading4b@ning.com;rscading4b@tuttocitta.it;2;M
256;Jacqui;Pelzer;jpelzer4c@bing.com;jpelzer4c@acquirethisname.com;2;M
257;Brion;Kingsnorth;bkingsnorth4d@ow.ly;bkingsnorth4d@nyu.edu;2;M
258;Eben;Sterricker;esterricker4e@zimbio.com;esterricker4e@dagondesign.com;2;M
259;Obidiah;Shopcott;oshopcott4f@about.me;oshopcott4f@businessweek.com;2;M
260;Warde;Benza;wbenza4g@studiopress.com;wbenza4g@behance.net;2;M
261;Marleah;Matsell;mmatsell4h@google.co.uk;mmatsell4h@discovery.com;2;M
262;Daloris;Wyeld;dwyeld4i@theglobeandmail.com;dwyeld4i@acquirethisname.com;2;M
263;Ignazio;Rowley;irowley4j@chronoengine.com;irowley4j@addtoany.com;2;M
264;Annabal;Kohlerman;akohlerman4k@wufoo.com;akohlerman4k@columbia.edu;2;M
265;Jaymie;Denness;jdenness4l@feedburner.com;jdenness4l@cnbc.com;2;M
266;Forrester;Vincent;fvincent4m@columbia.edu;fvincent4m@goo.gl;2;M
267;Hortensia;Higbin;hhigbin4n@imdb.com;hhigbin4n@booking.com;2;M
268;Rowe;Wille;rwille4o@geocities.com;rwille4o@histats.com;2;M
269;Lindy;Worham;lworham4p@diigo.com;lworham4p@nsw.gov.au;2;M
270;Ginelle;Paton;gpaton4q@ustream.tv;gpaton4q@vimeo.com;2;M
271;Monique;Gouly;mgouly4r@posterous.com;mgouly4r@pinterest.com;2;M
272;Elysha;Bamblett;ebamblett4s@people.com.cn;ebamblett4s@de.vu;2;M
273;Rhetta;Laurand;rlaurand4t@miibeian.gov.cn;rlaurand4t@163.com;2;M
274;Stacy;Ajean;sajean4u@youtube.com;sajean4u@woothemes.com;2;M
275;Brook;Hingeley;bhingeley4v@yahoo.co.jp;bhingeley4v@google.com.au;2;M
276;Kittie;Gerrish;kgerrish4w@tiny.cc;kgerrish4w@princeton.edu;2;M
277;Padgett;Eschalotte;peschalotte4x@intel.com;peschalotte4x@google.pl;2;M
278;Damien;Leer;dleer4y@csmonitor.com;dleer4y@google.com;2;M
279;Morganica;Shervil;mshervil4z@de.vu;mshervil4z@mashable.com;2;M
280;Cathe;Esh;cesh50@reverbnation.com;cesh50@ameblo.jp;2;M
281;Bertrand;Erdely;berdely51@xrea.com;berdely51@deviantart.com;2;M
282;Bryce;MacConnell;bmacconnell52@spiegel.de;bmacconnell52@cargocollective.com;2;M
283;Paule;Hember;phember53@51.la;phember53@dot.gov;2;M
284;Gilligan;Severns;gseverns54@chron.com;gseverns54@cmu.edu;2;M
285;Arvy;Philo;aphilo55@furl.net;aphilo55@archive.org;2;M
286;Tades;Pim;tpim56@nationalgeographic.com;tpim56@fastcompany.com;2;M
287;Regen;Tiffany;rtiffany57@phpbb.com;rtiffany57@amazon.de;2;M
288;Edvard;Hansberry;ehansberry58@pinterest.com;ehansberry58@about.me;2;M
289;Xylia;Edwicke;xedwicke59@drupal.org;xedwicke59@epa.gov;2;M
290;Bebe;Traill;btraill5a@wix.com;btraill5a@photobucket.com;2;M
291;Gabie;Esselen;gesselen5b@chron.com;gesselen5b@dot.gov;2;M
292;Reiko;Menendez;rmenendez5c@gmpg.org;rmenendez5c@tripadvisor.com;2;M
293;Barnabas;Dudden;bdudden5d@soup.io;bdudden5d@mozilla.com;2;M
294;Tyler;Pevie;tpevie5e@harvard.edu;tpevie5e@example.com;2;M
295;Tobi;Ilyuchyov;tilyuchyov5f@ning.com;tilyuchyov5f@china.com.cn;2;M
296;Jeddy;Duchasteau;jduchasteau5g@blogs.com;jduchasteau5g@state.gov;2;M
297;Margaretha;Edgcombe;medgcombe5h@wordpress.org;medgcombe5h@t-online.de;2;M
298;Sigrid;Melding;smelding5i@forbes.com;smelding5i@wisc.edu;2;M
299;Erhard;Beazer;ebeazer5j@fotki.com;ebeazer5j@foxnews.com;2;M
300;Idelle;Coxen;icoxen5k@tripod.com;icoxen5k@123-reg.co.uk;3;M
301;Olympie;Antonoyev;oantonoyev5l@unblog.fr;oantonoyev5l@stanford.edu;3;M
302;Cully;Brotherheed;cbrotherheed5m@patch.com;cbrotherheed5m@dot.gov;3;M
303;Dianemarie;Wallsworth;dwallsworth5n@php.net;dwallsworth5n@opera.com;3;M
304;Devinne;Ayre;dayre5o@wordpress.com;dayre5o@studiopress.com;3;M
305;Allegra;Rottgers;arottgers5p@dailymail.co.uk;arottgers5p@fda.gov;3;M
306;Abel;Byfford;abyfford5q@moonfruit.com;abyfford5q@nps.gov;3;M
307;Shawnee;Colwell;scolwell5r@tripod.com;scolwell5r@fastcompany.com;3;M
308;Wald;Gemlbett;wgemlbett5s@istockphoto.com;wgemlbett5s@blogger.com;3;M
309;Del;Beamiss;dbeamiss5t@newsvine.com;dbeamiss5t@google.co.uk;3;M
310;Nonie;Conti;nconti5u@nsw.gov.au;nconti5u@boston.com;3;M
311;Andrea;McCreery;amccreery5v@cornell.edu;amccreery5v@yellowpages.com;3;M
312;Dreddy;Laroux;dlaroux5w@miitbeian.gov.cn;dlaroux5w@weather.com;3;M
313;Cherin;Maxweell;cmaxweell5x@biblegateway.com;cmaxweell5x@squidoo.com;3;M
314;Dunc;Chown;dchown5y@1688.com;dchown5y@freewebs.com;3;M
315;Reece;Detloff;rdetloff5z@usa.gov;rdetloff5z@vistaprint.com;3;M
316;Emma;Trevascus;etrevascus60@npr.org;etrevascus60@nifty.com;3;M
317;Cedric;Lintott;clintott61@a8.net;clintott61@pcworld.com;3;M
318;Jone;Calrow;jcalrow62@techcrunch.com;jcalrow62@mtv.com;3;M
319;Jake;Sulland;jsulland63@devhub.com;jsulland63@smugmug.com;3;M
320;Alana;Dabbs;adabbs64@moonfruit.com;adabbs64@slate.com;3;M
321;Fee;Clowney;fclowney65@cisco.com;fclowney65@prlog.org;3;M
322;Bobby;Casebourne;bcasebourne66@reddit.com;bcasebourne66@discuz.net;3;M
323;Merle;Newlove;mnewlove67@ezinearticles.com;mnewlove67@taobao.com;3;M
324;Ezmeralda;Curl;ecurl68@dedecms.com;ecurl68@ft.com;3;M
325;Adriana;Hutcheon;ahutcheon69@chronoengine.com;ahutcheon69@europa.eu;3;M
326;Griffy;Sweetland;gsweetland6a@ucsd.edu;gsweetland6a@ibm.com;3;M
327;Jacklin;Ashment;jashment6b@tiny.cc;jashment6b@latimes.com;3;M
328;Matty;Lies;mlies6c@desdev.cn;mlies6c@bloomberg.com;3;M
329;Maurice;Masserel;mmasserel6d@shareasale.com;mmasserel6d@behance.net;3;M
330;Willard;Gibbon;wgibbon6e@discuz.net;wgibbon6e@google.fr;3;M
331;Linnea;Taylour;ltaylour6f@google.com;ltaylour6f@thetimes.co.uk;3;M
332;Samara;Alexsandrowicz;salexsandrowicz6g@nytimes.com;salexsandrowicz6g@japanpost.jp;3;M
333;Sergei;Bellocht;sbellocht6h@ucoz.com;sbellocht6h@dailymotion.com;3;M
334;Shamus;Augur;saugur6i@cbsnews.com;saugur6i@kickstarter.com;3;M
335;Dunc;Aguilar;daguilar6j@tamu.edu;daguilar6j@discovery.com;3;M
336;Carleton;Klimochkin;cklimochkin6k@1und1.de;cklimochkin6k@archive.org;3;M
337;Tamra;Klos;tklos6l@vkontakte.ru;tklos6l@virginia.edu;3;M
338;Manuel;Croux;mcroux6m@amazon.co.uk;mcroux6m@digg.com;3;M
339;Halli;Witten;hwitten6n@dion.ne.jp;hwitten6n@yelp.com;3;M
340;Stillmann;Streater;sstreater6o@dot.gov;sstreater6o@virginia.edu;3;M
341;Cherida;Dawidowsky;cdawidowsky6p@a8.net;cdawidowsky6p@ustream.tv;3;M
342;Nester;Wildblood;nwildblood6q@com.com;nwildblood6q@discovery.com;3;M
343;Bale;Mattock;bmattock6r@vimeo.com;bmattock6r@youku.com;3;M
344;Vaughn;Calven;vcalven6s@weather.com;vcalven6s@newyorker.com;3;M
345;Cammie;Tate;ctate6t@google.cn;ctate6t@foxnews.com;3;M
346;Webster;Chard;wchard6u@fc2.com;wchard6u@de.vu;3;M
347;Elizabet;Addyman;eaddyman6v@ycombinator.com;eaddyman6v@theatlantic.com;3;M
348;Doti;Troy;dtroy6w@independent.co.uk;dtroy6w@cnet.com;3;M
349;Rodina;Tottem;rtottem6x@cornell.edu;rtottem6x@kickstarter.com;3;M
350;Dominick;Downs;ddowns6y@apple.com;ddowns6y@accuweather.com;3;M
351;Alessandro;Bedminster;abedminster6z@ucoz.com;abedminster6z@livejournal.com;3;M
352;Mikael;Klauber;mklauber70@wix.com;mklauber70@clickbank.net;3;M
353;Emmott;Acton;eacton71@bing.com;eacton71@mail.ru;3;M
354;Avril;Alfuso;aalfuso72@nifty.com;aalfuso72@omniture.com;3;M
355;Malena;Cornborough;mcornborough73@sourceforge.net;mcornborough73@sfgate.com;3;M
356;Marylou;Hunn;mhunn74@ftc.gov;mhunn74@skype.com;3;M
357;Lynett;Gawthorpe;lgawthorpe75@ow.ly;lgawthorpe75@imageshack.us;3;M
358;Bourke;Stormonth;bstormonth76@unicef.org;bstormonth76@answers.com;3;M
359;Scott;Gresty;sgresty77@angelfire.com;sgresty77@columbia.edu;3;M
360;Lorilyn;Langtry;llangtry78@163.com;llangtry78@desdev.cn;3;M
361;Grantley;Frapwell;gfrapwell79@sphinn.com;gfrapwell79@nyu.edu;3;M
362;Netty;Bamell;nbamell7a@etsy.com;nbamell7a@huffingtonpost.com;3;M
363;Teddy;Doutch;tdoutch7b@booking.com;tdoutch7b@purevolume.com;3;M
364;Patty;Bundey;pbundey7c@dropbox.com;pbundey7c@tiny.cc;3;M
365;Arlinda;Plews;aplews7d@nhs.uk;aplews7d@washingtonpost.com;3;M
366;Denver;Widdicombe;dwiddicombe7e@addtoany.com;dwiddicombe7e@com.com;3;M
367;Jordon;Blakemore;jblakemore7f@skyrock.com;jblakemore7f@earthlink.net;3;M
368;Jilly;Gathercole;jgathercole7g@ebay.com;jgathercole7g@de.vu;3;M
369;Caralie;Clawley;cclawley7h@sbwire.com;cclawley7h@fda.gov;3;M
370;Fleur;Yes;fyes7i@redcross.org;fyes7i@japanpost.jp;3;M
371;Allina;Grissett;agrissett7j@nasa.gov;agrissett7j@latimes.com;3;M
372;Dru;Findon;dfindon7k@comcast.net;dfindon7k@cam.ac.uk;3;M
373;Jennilee;Eastes;jeastes7l@ox.ac.uk;jeastes7l@webnode.com;3;M
374;Albertine;Gilkes;agilkes7m@t.co;agilkes7m@oaic.gov.au;3;M
375;Thaddus;Howselee;thowselee7n@disqus.com;thowselee7n@51.la;3;M
376;Yelena;Subhan;ysubhan7o@4shared.com;ysubhan7o@hp.com;3;M
377;Clarissa;Iapico;ciapico7p@woothemes.com;ciapico7p@usa.gov;3;M
378;Kakalina;Scarrisbrick;kscarrisbrick7q@indiegogo.com;kscarrisbrick7q@bloglines.com;3;M
379;Zilvia;Matschek;zmatschek7r@state.gov;zmatschek7r@rakuten.co.jp;3;M
380;Morly;Annakin;mannakin7s@webnode.com;mannakin7s@statcounter.com;3;M
381;Pinchas;Edworthye;pedworthye7t@macromedia.com;pedworthye7t@drupal.org;3;M
382;Norri;Torvey;ntorvey7u@newsvine.com;ntorvey7u@unesco.org;3;M
383;Loren;Hogsden;lhogsden7v@mediafire.com;lhogsden7v@loc.gov;3;M
384;Cly;Shiel;cshiel7w@godaddy.com;cshiel7w@dion.ne.jp;3;M
385;Earlie;Bowfin;ebowfin7x@google.ca;ebowfin7x@over-blog.com;3;M
386;Rafaela;Blackaller;rblackaller7y@people.com.cn;rblackaller7y@wired.com;3;M
387;Desirae;Cutting;dcutting7z@hugedomains.com;dcutting7z@constantcontact.com;3;M
388;Bambi;Phifer;bphifer80@homestead.com;bphifer80@marriott.com;3;M
389;Sheila-kathryn;Brislane;sbrislane81@about.me;sbrislane81@cornell.edu;3;M
390;Hollyanne;Youd;hyoud82@vinaora.com;hyoud82@feedburner.com;3;M
391;Fifi;Gobolos;fgobolos83@cam.ac.uk;fgobolos83@sciencedaily.com;3;M
392;Patsy;Byrom;pbyrom84@archive.org;pbyrom84@unc.edu;3;M
393;Zackariah;Moulson;zmoulson85@java.com;zmoulson85@devhub.com;3;M
394;Blake;Janatka;bjanatka86@mac.com;bjanatka86@ucsd.edu;3;M
395;Hyacinthe;Riddich;hriddich87@vk.com;hriddich87@etsy.com;3;M
396;Zelig;Kehir;zkehir88@mapy.cz;zkehir88@homestead.com;3;M
397;Carmine;Lucius;clucius89@tuttocitta.it;clucius89@sohu.com;3;M
398;Lynna;Wythill;lwythill8a@twitpic.com;lwythill8a@infoseek.co.jp;3;M
399;Laurie;Slixby;lslixby8b@posterous.com;lslixby8b@typepad.com;3;M
400;Pernell;Berrey;pberrey8c@yolasite.com;pberrey8c@illinois.edu;4;M
401;Corny;Bachelar;cbachelar8d@list-manage.com;cbachelar8d@house.gov;4;M
402;Bonni;Biner;bbiner8e@who.int;bbiner8e@independent.co.uk;4;M
403;Aimil;Gauch;agauch8f@printfriendly.com;agauch8f@salon.com;4;M
404;Rozanna;Gentreau;rgentreau8g@xinhuanet.com;rgentreau8g@bing.com;4;M
405;Yoshiko;Tatersale;ytatersale8h@sfgate.com;ytatersale8h@webeden.co.uk;4;M
406;Kamillah;Chrippes;kchrippes8i@list-manage.com;kchrippes8i@npr.org;4;M
407;Cory;O'Mohun;comohun8j@psu.edu;comohun8j@spiegel.de;4;M
408;Viviene;Ingliss;vingliss8k@china.com.cn;vingliss8k@parallels.com;4;M
409;Alena;Kelner;akelner8l@icq.com;akelner8l@issuu.com;4;M
410;Rey;Vesty;rvesty8m@comsenz.com;rvesty8m@hostgator.com;4;M
411;Leona;Magne;lmagne8n@dailymail.co.uk;lmagne8n@hexun.com;4;M
412;Elsi;Segges;esegges8o@senate.gov;esegges8o@rediff.com;4;M
413;Ivonne;Stirman;istirman8p@ifeng.com;istirman8p@blogger.com;4;M
414;Correna;Etoile;cetoile8q@1und1.de;cetoile8q@loc.gov;4;M
415;Illa;Matyushonok;imatyushonok8r@networkadvertising.org;imatyushonok8r@nbcnews.com;4;M
416;Court;Speechly;cspeechly8s@house.gov;cspeechly8s@ed.gov;4;M
417;Walker;Biaggelli;wbiaggelli8t@timesonline.co.uk;wbiaggelli8t@weibo.com;4;M
418;Ad;Marcinkowski;amarcinkowski8u@netscape.com;amarcinkowski8u@wikimedia.org;4;M
419;Abe;Goutcher;agoutcher8v@indiatimes.com;agoutcher8v@flavors.me;4;M
420;Monty;Shobbrook;mshobbrook8w@dion.ne.jp;mshobbrook8w@about.com;4;M
421;Arny;Layne;alayne8x@zimbio.com;alayne8x@blinklist.com;4;M
422;Lindy;Leupoldt;lleupoldt8y@google.com.hk;lleupoldt8y@smugmug.com;4;M
423;Blinnie;Columbell;bcolumbell8z@illinois.edu;bcolumbell8z@people.com.cn;4;M
424;Vi;Sealove;vsealove90@bluehost.com;vsealove90@deviantart.com;4;M
425;Arly;Downs;adowns91@boston.com;adowns91@vk.com;4;M
426;Alyce;Kinson;akinson92@skyrock.com;akinson92@ameblo.jp;4;M
427;Quintana;Doumerque;qdoumerque93@scientificamerican.com;qdoumerque93@spotify.com;4;M
428;Willette;Griniov;wgriniov94@zimbio.com;wgriniov94@skyrock.com;4;M
429;Benny;Snalom;bsnalom95@ca.gov;bsnalom95@domainmarket.com;4;M
430;Antonina;Voisey;avoisey96@bizjournals.com;avoisey96@angelfire.com;4;M
431;Danyelle;Harlock;dharlock97@marketwatch.com;dharlock97@wufoo.com;4;M
432;Danella;Probets;dprobets98@flavors.me;dprobets98@exblog.jp;4;M
433;Shalne;Everard;severard99@fc2.com;severard99@facebook.com;4;M
434;Hyatt;Dossetter;hdossetter9a@ed.gov;hdossetter9a@histats.com;4;M
435;Caitlin;Dansken;cdansken9b@redcross.org;cdansken9b@miibeian.gov.cn;4;M
436;Phelia;Barstock;pbarstock9c@twitpic.com;pbarstock9c@blogger.com;4;M
437;Bear;Denholm;bdenholm9d@theatlantic.com;bdenholm9d@trellian.com;4;M
438;Murvyn;Prandoni;mprandoni9e@t-online.de;mprandoni9e@biglobe.ne.jp;4;M
439;Hewe;Edinboro;hedinboro9f@stanford.edu;hedinboro9f@netvibes.com;4;M
440;Eda;Shernock;eshernock9g@trellian.com;eshernock9g@si.edu;4;M
441;Georgy;Artist;gartist9h@weibo.com;gartist9h@yahoo.co.jp;4;M
442;Wally;Hatzar;whatzar9i@huffingtonpost.com;whatzar9i@time.com;4;M
443;Salvatore;Immer;simmer9j@wikia.com;simmer9j@ft.com;4;M
444;Dyna;Phalp;dphalp9k@dailymotion.com;dphalp9k@tinypic.com;4;M
445;Eleen;Ferrant;eferrant9l@utexas.edu;eferrant9l@comcast.net;4;M
446;Kim;Hellings;khellings9m@shutterfly.com;khellings9m@nationalgeographic.com;4;M
447;Minni;Ovize;movize9n@unblog.fr;movize9n@imdb.com;4;M
448;Faustine;MacAllester;fmacallester9o@elegantthemes.com;fmacallester9o@hhs.gov;4;M
449;Marion;Derl;mderl9p@state.tx.us;mderl9p@amazonaws.com;4;M
450;Budd;Tench;btench9q@ovh.net;btench9q@irs.gov;4;M
451;Rafaello;Gullivan;rgullivan9r@nydailynews.com;rgullivan9r@cpanel.net;4;M
452;Myrvyn;Gristhwaite;mgristhwaite9s@fema.gov;mgristhwaite9s@cafepress.com;4;M
453;Ramonda;Warton;rwarton9t@boston.com;rwarton9t@wp.com;4;M
454;Kriste;Buesden;kbuesden9u@reuters.com;kbuesden9u@ustream.tv;4;M
455;Mirella;Kaygill;mkaygill9v@photobucket.com;mkaygill9v@twitter.com;4;M
456;Magdaia;Walton;mwalton9w@sphinn.com;mwalton9w@prlog.org;4;M
457;Shena;Shine;sshine9x@blogs.com;sshine9x@yale.edu;4;M
458;Ellen;Beards;ebeards9y@ted.com;ebeards9y@edublogs.org;4;M
459;Calvin;Cullinan;ccullinan9z@youtube.com;ccullinan9z@blinklist.com;4;M
460;Orin;Hould;ohoulda0@sohu.com;ohoulda0@nature.com;4;M
461;Joella;Darrigone;jdarrigonea1@twitter.com;jdarrigonea1@timesonline.co.uk;4;M
462;Cy;Camden;ccamdena2@ustream.tv;ccamdena2@booking.com;4;M
463;Kahlil;Pyffe;kpyffea3@homestead.com;kpyffea3@acquirethisname.com;4;M
464;Hubert;Haxby;hhaxbya4@xrea.com;hhaxbya4@sun.com;4;M
465;Elna;Matyushenko;ematyushenkoa5@dyndns.org;ematyushenkoa5@mit.edu;4;M
466;Guenna;Jerger;gjergera6@dell.com;gjergera6@dot.gov;4;M
467;Hazlett;MacEnelly;hmacenellya7@twitpic.com;hmacenellya7@shareasale.com;4;M
468;Fern;Kenway;fkenwaya8@wikipedia.org;fkenwaya8@fastcompany.com;4;M
469;Conway;Ordemann;cordemanna9@theglobeandmail.com;cordemanna9@hubpages.com;4;M
470;Patience;Cooke;pcookeaa@pcworld.com;pcookeaa@sakura.ne.jp;4;M
471;Hermione;Lucas;hlucasab@weebly.com;hlucasab@elegantthemes.com;4;M
472;Merrily;Arrow;marrowac@si.edu;marrowac@ning.com;4;M
473;Georas;Ollerhad;gollerhadad@free.fr;gollerhadad@homestead.com;4;M
474;Eugenius;Hasney;ehasneyae@rambler.ru;ehasneyae@spotify.com;4;M
475;Pietro;Baldrick;pbaldrickaf@comcast.net;pbaldrickaf@webeden.co.uk;4;M
476;Henka;Yallop;hyallopag@friendfeed.com;hyallopag@blogtalkradio.com;4;M
477;Stanwood;Blackshaw;sblackshawah@printfriendly.com;sblackshawah@thetimes.co.uk;4;M
478;Ashby;Duncanson;aduncansonai@zimbio.com;aduncansonai@sitemeter.com;4;M
479;Isak;Harmson;iharmsonaj@gov.uk;iharmsonaj@woothemes.com;4;M
480;Nicolette;Gabitis;ngabitisak@ow.ly;ngabitisak@phoca.cz;4;M
481;Donnie;Grubbe;dgrubbeal@prnewswire.com;dgrubbeal@un.org;4;M
482;Immanuel;Teasell;iteasellam@dion.ne.jp;iteasellam@dmoz.org;4;M
483;Andra;Swalough;aswaloughan@cnn.com;aswaloughan@si.edu;4;M
484;Hercules;Cockran;hcockranao@purevolume.com;hcockranao@timesonline.co.uk;4;M
485;Hoyt;Boagey;hboageyap@com.com;hboageyap@artisteer.com;4;M
486;Henrieta;St. Hill;hsthillaq@soup.io;hsthillaq@people.com.cn;4;M
487;Lidia;Daniaud;ldaniaudar@delicious.com;ldaniaudar@purevolume.com;4;M
488;Morganne;Perry;mperryas@illinois.edu;mperryas@ebay.com;4;M
489;Magdalena;Gonnelly;mgonnellyat@telegraph.co.uk;mgonnellyat@com.com;4;M
490;Alec;Guilford;aguilfordau@theatlantic.com;aguilfordau@webs.com;4;M
491;Binnie;Dutchburn;bdutchburnav@posterous.com;bdutchburnav@over-blog.com;4;M
492;Estell;Vankeev;evankeevaw@nydailynews.com;evankeevaw@jimdo.com;4;M
493;Nat;Scrannage;nscrannageax@dmoz.org;nscrannageax@feedburner.com;4;M
494;Annamarie;Greguol;agreguolay@cbslocal.com;agreguolay@java.com;4;M
495;Elie;Sykora;esykoraaz@wordpress.org;esykoraaz@ucsd.edu;4;M
496;Meridel;Molan;mmolanb0@freewebs.com;mmolanb0@nba.com;4;M
497;Hans;Lyles;hlylesb1@issuu.com;hlylesb1@mysql.com;4;M
498;Svend;Corrison;scorrisonb2@bbb.org;scorrisonb2@uol.com.br;4;M
499;Henderson;Dryden;hdrydenb3@tripod.com;hdrydenb3@google.de;4;M
500;Oriana;Rubinfajn;orubinfajnb4@themeforest.net;orubinfajnb4@hp.com;5;M
501;Baxter;Ziems;bziemsb5@newyorker.com;bziemsb5@examiner.com;5;M
502;Carita;Dickings;cdickingsb6@eventbrite.com;cdickingsb6@moonfruit.com;5;M
503;Leann;Bulled;lbulledb7@freewebs.com;lbulledb7@wired.com;5;M
504;Durante;Manicomb;dmanicombb8@omniture.com;dmanicombb8@comcast.net;5;M
505;Adelheid;Kleinfeld;akleinfeldb9@wisc.edu;akleinfeldb9@hao123.com;5;M
506;Allin;Francis;afrancisba@phpbb.com;afrancisba@blog.com;5;M
507;Viviyan;Cockshut;vcockshutbb@princeton.edu;vcockshutbb@bbb.org;5;M
508;Perry;Mirrlees;pmirrleesbc@fda.gov;pmirrleesbc@wired.com;5;M
509;Kilian;Hendrik;khendrikbd@list-manage.com;khendrikbd@intel.com;5;M
510;Kennan;Womersley;kwomersleybe@state.gov;kwomersleybe@chron.com;5;M
511;Oralle;Falco;ofalcobf@photobucket.com;ofalcobf@mozilla.org;5;M
512;Tiebout;Done;tdonebg@who.int;tdonebg@cdc.gov;5;M
513;Randene;Borge;rborgebh@youku.com;rborgebh@t-online.de;5;M
514;Darell;Wallice;dwallicebi@accuweather.com;dwallicebi@elegantthemes.com;5;M
515;Carmelia;Osgordby;cosgordbybj@princeton.edu;cosgordbybj@geocities.jp;5;M
516;Jarrett;Medlin;jmedlinbk@oaic.gov.au;jmedlinbk@squarespace.com;5;M
517;Devlen;Jeayes;djeayesbl@abc.net.au;djeayesbl@ftc.gov;5;M
518;Abram;Cottill;acottillbm@springer.com;acottillbm@bing.com;5;M
519;Guenevere;Plaxton;gplaxtonbn@sohu.com;gplaxtonbn@yolasite.com;5;M
520;Gottfried;Pretorius;gpretoriusbo@ucsd.edu;gpretoriusbo@dell.com;5;M
521;Keely;Baack;kbaackbp@wikispaces.com;kbaackbp@e-recht24.de;5;M
522;Feliks;Hiskey;fhiskeybq@ovh.net;fhiskeybq@noaa.gov;5;M
523;Jeane;Gavriel;jgavrielbr@macromedia.com;jgavrielbr@tripadvisor.com;5;M
524;Rafaello;Wasselin;rwasselinbs@amazonaws.com;rwasselinbs@alibaba.com;5;M
525;Lucila;Wilder;lwilderbt@bluehost.com;lwilderbt@yellowpages.com;5;M
526;Marena;Belone;mbelonebu@europa.eu;mbelonebu@freewebs.com;5;M
527;Bridget;Spiers;bspiersbv@mit.edu;bspiersbv@disqus.com;5;M
528;Marion;Feltoe;mfeltoebw@nsw.gov.au;mfeltoebw@webmd.com;5;M
529;Esme;McKilroe;emckilroebx@gmpg.org;emckilroebx@ameblo.jp;5;M
530;Nanine;Bruyntjes;nbruyntjesby@mozilla.org;nbruyntjesby@timesonline.co.uk;5;M
531;Eldin;Crang;ecrangbz@creativecommons.org;ecrangbz@printfriendly.com;5;M
532;Reinhold;Midlar;rmidlarc0@technorati.com;rmidlarc0@elpais.com;5;M
533;Ricky;Wheeldon;rwheeldonc1@macromedia.com;rwheeldonc1@sourceforge.net;5;M
534;Ludwig;Scranedge;lscranedgec2@loc.gov;lscranedgec2@bandcamp.com;5;M
535;Pauly;Foord;pfoordc3@ca.gov;pfoordc3@naver.com;5;M
536;Jobyna;Haselden;jhaseldenc4@sciencedaily.com;jhaseldenc4@cdbaby.com;5;M
537;Paulie;Dowman;pdowmanc5@slideshare.net;pdowmanc5@dailymail.co.uk;5;M
538;Jobina;Barendtsen;jbarendtsenc6@hud.gov;jbarendtsenc6@oracle.com;5;M
539;Madelena;Trainer;mtrainerc7@exblog.jp;mtrainerc7@irs.gov;5;M
540;Pammi;Thorington;pthoringtonc8@e-recht24.de;pthoringtonc8@ycombinator.com;5;M
541;Julissa;Lenoir;jlenoirc9@hexun.com;jlenoirc9@mysql.com;5;M
542;Jedd;Griffith;jgriffithca@ehow.com;jgriffithca@google.ca;5;M
543;Helenelizabeth;Taylder;htayldercb@google.co.jp;htayldercb@buzzfeed.com;5;M
544;Bank;Dunbabin;bdunbabincc@tinypic.com;bdunbabincc@msu.edu;5;M
545;Tulley;McKeaney;tmckeaneycd@forbes.com;tmckeaneycd@surveymonkey.com;5;M
546;Nikkie;Staig;nstaigce@is.gd;nstaigce@meetup.com;5;M
547;Tessie;Egre;tegrecf@purevolume.com;tegrecf@dot.gov;5;M
548;Gabi;Shimon;gshimoncg@webnode.com;gshimoncg@altervista.org;5;M
549;Crawford;Stoffel;cstoffelch@miibeian.gov.cn;cstoffelch@intel.com;5;M
550;Maud;Jacobowicz;mjacobowiczci@rambler.ru;mjacobowiczci@flickr.com;5;M
551;Ephraim;Dinse;edinsecj@meetup.com;edinsecj@flickr.com;5;M
552;Glynnis;Nairns;gnairnsck@dagondesign.com;gnairnsck@forbes.com;5;M
553;Margalo;Dumbellow;mdumbellowcl@mayoclinic.com;mdumbellowcl@360.cn;5;M
554;Ludovico;Simonsen;lsimonsencm@edublogs.org;lsimonsencm@oracle.com;5;M
555;Betteann;Garnsey;bgarnseycn@yelp.com;bgarnseycn@wisc.edu;5;M
556;Orson;Brasener;obrasenerco@wikimedia.org;obrasenerco@tiny.cc;5;M
557;Lissie;Oakwood;loakwoodcp@salon.com;loakwoodcp@webnode.com;5;M
558;Avery;Resdale;aresdalecq@chicagotribune.com;aresdalecq@is.gd;5;M
559;Roseanna;Glave;rglavecr@stanford.edu;rglavecr@theguardian.com;5;M
560;Gris;Hardacre;ghardacrecs@amazon.com;ghardacrecs@archive.org;5;M
561;Hermina;Dews;hdewsct@dot.gov;hdewsct@disqus.com;5;M
562;Shell;Dunlea;sdunleacu@google.ru;sdunleacu@rakuten.co.jp;5;M
563;Oliver;Sutterby;osutterbycv@webeden.co.uk;osutterbycv@walmart.com;5;M
564;Sondra;Airy;sairycw@slideshare.net;sairycw@yandex.ru;5;M
565;Caryl;Harkes;charkescx@globo.com;charkescx@plala.or.jp;5;M
566;Irena;Clines;iclinescy@sphinn.com;iclinescy@businessweek.com;5;M
567;Delmar;Faccini;dfaccinicz@ihg.com;dfaccinicz@google.cn;5;M
568;Coralyn;Phillpot;cphillpotd0@stanford.edu;cphillpotd0@geocities.jp;5;M
569;Jacquenette;Hoyes;jhoyesd1@vistaprint.com;jhoyesd1@vk.com;5;M
570;Humbert;Rickards;hrickardsd2@gravatar.com;hrickardsd2@twitter.com;5;M
571;Helaina;Bonsale;hbonsaled3@ebay.co.uk;hbonsaled3@whitehouse.gov;5;M
572;Eadmund;Claybourne;eclaybourned4@ebay.com;eclaybourned4@topsy.com;5;M
573;Beulah;Lowndsborough;blowndsboroughd5@sphinn.com;blowndsboroughd5@psu.edu;5;M
574;Sidonia;Hauxwell;shauxwelld6@usa.gov;shauxwelld6@mtv.com;5;M
575;Kris;Boxell;kboxelld7@barnesandnoble.com;kboxelld7@mashable.com;5;M
576;Monah;Godthaab;mgodthaabd8@cpanel.net;mgodthaabd8@cnet.com;5;M
577;Erma;Spaight;espaightd9@spiegel.de;espaightd9@addthis.com;5;M
578;Wakefield;Chitty;wchittyda@cbc.ca;wchittyda@slideshare.net;5;M
579;Chancey;Bittlestone;cbittlestonedb@bigcartel.com;cbittlestonedb@typepad.com;5;M
580;Pierette;Mudge;pmudgedc@prnewswire.com;pmudgedc@bravesites.com;5;M
581;Quillan;Franzini;qfranzinidd@themeforest.net;qfranzinidd@merriam-webster.com;5;M
582;Melisandra;Waple;mwaplede@topsy.com;mwaplede@over-blog.com;5;M
583;Powell;Fritz;pfritzdf@usda.gov;pfritzdf@discovery.com;5;M
584;Doll;Deverill;ddeverilldg@npr.org;ddeverilldg@miitbeian.gov.cn;5;M
585;Cassaundra;Bastiman;cbastimandh@archive.org;cbastimandh@prnewswire.com;5;M
586;Cyndi;Hanne;channedi@kickstarter.com;channedi@123-reg.co.uk;5;M
587;Sara;Snassell;ssnasselldj@wufoo.com;ssnasselldj@surveymonkey.com;5;M
588;Welsh;Gaythwaite;wgaythwaitedk@go.com;wgaythwaitedk@dell.com;5;M
589;Delaney;Atwool;datwooldl@dyndns.org;datwooldl@tumblr.com;5;M
590;Chandra;Slucock;cslucockdm@tripod.com;cslucockdm@adobe.com;5;M
591;Dierdre;Primo;dprimodn@imdb.com;dprimodn@blinklist.com;5;M
592;Aurea;Callendar;acallendardo@acquirethisname.com;acallendardo@whitehouse.gov;5;M
593;Tremain;Gallyon;tgallyondp@globo.com;tgallyondp@exblog.jp;5;M
594;Rozanne;Oneil;roneildq@salon.com;roneildq@wired.com;5;M
595;Miguelita;Fleury;mfleurydr@bloomberg.com;mfleurydr@mit.edu;5;M
596;Kellen;Nance;knanceds@google.fr;knanceds@cargocollective.com;5;M
597;Martie;Middle;mmiddledt@addtoany.com;mmiddledt@istockphoto.com;5;M
598;Blinnie;Bugg;bbuggdu@scientificamerican.com;bbuggdu@msu.edu;5;M
599;Angy;Efford;aefforddv@google.nl;aefforddv@dyndns.org;5;M
600;Simona;Punt;spuntdw@domainmarket.com;spuntdw@example.com;6;M
601;Patric;Antognazzi;pantognazzidx@sakura.ne.jp;pantognazzidx@cisco.com;6;M
602;Wandie;Trumper;wtrumperdy@whitehouse.gov;wtrumperdy@parallels.com;6;M
603;Eugine;Livesley;elivesleydz@flickr.com;elivesleydz@gravatar.com;6;M
604;Gwendolen;Heavyside;gheavysidee0@epa.gov;gheavysidee0@jigsy.com;6;M
605;Bartolemo;Trazzi;btrazzie1@gizmodo.com;btrazzie1@ft.com;6;M
606;Bard;Kuzemka;bkuzemkae2@edublogs.org;bkuzemkae2@t.co;6;M
607;Caddric;Yurinov;cyurinove3@xrea.com;cyurinove3@facebook.com;6;M
608;Christean;Spofforth;cspofforthe4@cnet.com;cspofforthe4@washington.edu;6;M
609;Vanda;McMoyer;vmcmoyere5@about.com;vmcmoyere5@miibeian.gov.cn;6;M
610;Mozelle;Ruusa;mruusae6@webeden.co.uk;mruusae6@earthlink.net;6;M
611;Bowie;Manon;bmanone7@sohu.com;bmanone7@washingtonpost.com;6;M
612;Claudell;Bonicelli;cbonicellie8@amazon.co.uk;cbonicellie8@ameblo.jp;6;M
613;Myca;Tadlow;mtadlowe9@marriott.com;mtadlowe9@networkadvertising.org;6;M
614;Orly;Buckbee;obuckbeeea@multiply.com;obuckbeeea@vimeo.com;6;M
615;Lorenza;Florez;lflorezeb@smugmug.com;lflorezeb@vk.com;6;M
616;Petunia;Hazeldean;phazeldeanec@skype.com;phazeldeanec@cisco.com;6;M
617;Norman;Berzin;nberzined@umich.edu;nberzined@chron.com;6;M
618;Cynde;Jansen;cjansenee@delicious.com;cjansenee@latimes.com;6;M
619;Fan;Thurstance;fthurstanceef@shutterfly.com;fthurstanceef@stanford.edu;6;M
620;Carree;Pimlock;cpimlockeg@spiegel.de;cpimlockeg@cmu.edu;6;M
621;Marie-ann;Dymoke;mdymokeeh@sourceforge.net;mdymokeeh@earthlink.net;6;M
622;Penn;Lenormand;plenormandei@businessinsider.com;plenormandei@stanford.edu;6;M
623;Richard;Botham;rbothamej@unesco.org;rbothamej@phpbb.com;6;M
624;Giralda;McCrossan;gmccrossanek@uiuc.edu;gmccrossanek@cisco.com;6;M
625;Nikoletta;Shewery;nsheweryel@pcworld.com;nsheweryel@biglobe.ne.jp;6;M
626;Adria;Hebburn;ahebburnem@phoca.cz;ahebburnem@youtube.com;6;M
627;Kath;Leftly;kleftlyen@utexas.edu;kleftlyen@squarespace.com;6;M
628;Justina;Ousbie;jousbieeo@hibu.com;jousbieeo@squidoo.com;6;M
629;Misty;Pawelec;mpawelecep@elegantthemes.com;mpawelecep@instagram.com;6;M
630;Kerk;Kelloway;kkellowayeq@blogger.com;kkellowayeq@microsoft.com;6;M
631;Valentia;Kinchlea;vkinchleaer@bravesites.com;vkinchleaer@ed.gov;6;M
632;Kirsteni;Polleye;kpolleyees@bbb.org;kpolleyees@utexas.edu;6;M
633;Shayne;Purchall;spurchallet@thetimes.co.uk;spurchallet@php.net;6;M
634;Rosella;Morphet;rmorpheteu@bbc.co.uk;rmorpheteu@gmpg.org;6;M
635;Annetta;Hush;ahushev@disqus.com;ahushev@jalbum.net;6;M
636;Timothee;Lidington;tlidingtonew@nature.com;tlidingtonew@senate.gov;6;M
637;Rikki;MacConnulty;rmacconnultyex@yelp.com;rmacconnultyex@google.com.br;6;M
638;Fay;de Quincey;fdequinceyey@slate.com;fdequinceyey@lulu.com;6;M
639;Reese;Peto;rpetoez@marketwatch.com;rpetoez@wufoo.com;6;M
640;Gustave;Spurett;gspurettf0@hc360.com;gspurettf0@cyberchimps.com;6;M
641;Putnam;Brownlie;pbrownlief1@oakley.com;pbrownlief1@forbes.com;6;M
642;Mag;Sowray;msowrayf2@theglobeandmail.com;msowrayf2@altervista.org;6;M
643;Welbie;Gwilym;wgwilymf3@furl.net;wgwilymf3@wufoo.com;6;M
644;Alberik;Rens;arensf4@indiatimes.com;arensf4@google.nl;6;M
645;Joby;Flude;jfludef5@ihg.com;jfludef5@engadget.com;6;M
646;Jocko;Czapla;jczaplaf6@ycombinator.com;jczaplaf6@netlog.com;6;M
647;Saleem;Dawson;sdawsonf7@pcworld.com;sdawsonf7@marketwatch.com;6;M
648;Carny;Over;coverf8@cdbaby.com;coverf8@nature.com;6;M
649;Nicholas;Thay;nthayf9@shop-pro.jp;nthayf9@people.com.cn;6;M
650;Bondy;Harlett;bharlettfa@nih.gov;bharlettfa@bloglovin.com;6;M
651;Anthea;Botcherby;abotcherbyfb@hugedomains.com;abotcherbyfb@webnode.com;6;M
652;Maia;McPeice;mmcpeicefc@vkontakte.ru;mmcpeicefc@altervista.org;6;M
653;Odey;Virgo;ovirgofd@youtu.be;ovirgofd@privacy.gov.au;6;M
654;Marna;Cholwell;mcholwellfe@people.com.cn;mcholwellfe@diigo.com;6;M
655;Fanchon;Calwell;fcalwellff@google.ca;fcalwellff@globo.com;6;M
656;Belia;Craigmile;bcraigmilefg@tumblr.com;bcraigmilefg@wordpress.org;6;M
657;Elsey;Napolitano;enapolitanofh@reference.com;enapolitanofh@economist.com;6;M
658;Jeremias;Koenraad;jkoenraadfi@w3.org;jkoenraadfi@oakley.com;6;M
659;Amargo;Whitely;awhitelyfj@dyndns.org;awhitelyfj@ustream.tv;6;M
660;Isac;Gentery;igenteryfk@bluehost.com;igenteryfk@blog.com;6;M
661;Olly;Caffery;ocafferyfl@huffingtonpost.com;ocafferyfl@netvibes.com;6;M
662;Caldwell;Grabeham;cgrabehamfm@loc.gov;cgrabehamfm@adobe.com;6;M
663;Dorolisa;Loudon;dloudonfn@deviantart.com;dloudonfn@youtu.be;6;M
664;Koren;Deakins;kdeakinsfo@microsoft.com;kdeakinsfo@liveinternet.ru;6;M
665;Cosme;Tatton;ctattonfp@mtv.com;ctattonfp@xing.com;6;M
666;Neal;Hefforde;nheffordefq@telegraph.co.uk;nheffordefq@ca.gov;6;M
667;Durand;Neward;dnewardfr@cnn.com;dnewardfr@wikispaces.com;6;M
668;Berkley;Stammirs;bstammirsfs@pagesperso-orange.fr;bstammirsfs@youtu.be;6;M
669;Cindy;Limb;climbft@google.co.uk;climbft@naver.com;6;M
670;Gusti;Kingsman;gkingsmanfu@baidu.com;gkingsmanfu@gravatar.com;6;M
671;Matelda;Bartzen;mbartzenfv@w3.org;mbartzenfv@booking.com;6;M
672;Tommie;Hitcham;thitchamfw@slideshare.net;thitchamfw@g.co;6;M
673;Rancell;Ropartz;rropartzfx@umn.edu;rropartzfx@ucsd.edu;6;M
674;Carleen;Snazel;csnazelfy@si.edu;csnazelfy@prnewswire.com;6;M
675;Darcey;Castagnet;dcastagnetfz@1688.com;dcastagnetfz@yolasite.com;6;M
676;Fredericka;Stappard;fstappardg0@craigslist.org;fstappardg0@acquirethisname.com;6;M
677;Evangelia;Caville;ecavilleg1@behance.net;ecavilleg1@tuttocitta.it;6;M
678;Robbi;Deetch;rdeetchg2@theguardian.com;rdeetchg2@cocolog-nifty.com;6;M
679;Lara;Blandford;lblandfordg3@google.ru;lblandfordg3@cdbaby.com;6;M
680;Townsend;Schinetti;tschinettig4@miitbeian.gov.cn;tschinettig4@psu.edu;6;M
681;Noel;Corsham;ncorshamg5@twitpic.com;ncorshamg5@simplemachines.org;6;M
682;Brit;Halsall;bhalsallg6@is.gd;bhalsallg6@smugmug.com;6;M
683;Maurice;Pulster;mpulsterg7@oaic.gov.au;mpulsterg7@godaddy.com;6;M
684;Alvina;Reschke;areschkeg8@biblegateway.com;areschkeg8@stumbleupon.com;6;M
685;Shea;Wiffen;swiffeng9@i2i.jp;swiffeng9@php.net;6;M
686;Nydia;Wanka;nwankaga@china.com.cn;nwankaga@163.com;6;M
687;Birgit;Garrettson;bgarrettsongb@tripod.com;bgarrettsongb@miitbeian.gov.cn;6;M
688;Rafaellle;Harbord;rharbordgc@mapy.cz;rharbordgc@psu.edu;6;M
689;Desiri;Cannam;dcannamgd@noaa.gov;dcannamgd@state.gov;6;M
690;Webster;Keady;wkeadyge@ihg.com;wkeadyge@salon.com;6;M
691;Christi;Gilbanks;cgilbanksgf@cdbaby.com;cgilbanksgf@mac.com;6;M
692;Salmon;Kilbey;skilbeygg@cdbaby.com;skilbeygg@rediff.com;6;M
693;Mirelle;Duxbury;mduxburygh@etsy.com;mduxburygh@about.com;6;M
694;Steward;Knowlson;sknowlsongi@hud.gov;sknowlsongi@nbcnews.com;6;M
695;Elna;Standon;estandongj@icio.us;estandongj@mlb.com;6;M
696;Truda;Stedell;tstedellgk@vimeo.com;tstedellgk@behance.net;6;M
697;Luise;Withull;lwithullgl@berkeley.edu;lwithullgl@timesonline.co.uk;6;M
698;Adorne;Morfell;amorfellgm@wikimedia.org;amorfellgm@ehow.com;6;M
699;Ulberto;Gorring;ugorringgn@pcworld.com;ugorringgn@desdev.cn;6;M
700;Maible;Climar;mclimargo@nps.gov;mclimargo@wikispaces.com;7;M
701;Gillian;Teodoro;gteodorogp@altervista.org;gteodorogp@seesaa.net;7;M
702;Chrotoem;Crallan;ccrallangq@examiner.com;ccrallangq@hatena.ne.jp;7;M
703;Arturo;Tullis;atullisgr@ifeng.com;atullisgr@nytimes.com;7;M
704;Bearnard;Crutcher;bcrutchergs@163.com;bcrutchergs@twitter.com;7;M
705;Corrie;Donegan;cdonegangt@acquirethisname.com;cdonegangt@theatlantic.com;7;M
706;Giulio;Troth;gtrothgu@comcast.net;gtrothgu@plala.or.jp;7;M
707;Andromache;Surpliss;asurplissgv@jugem.jp;asurplissgv@people.com.cn;7;M
708;Jaquelyn;Measom;jmeasomgw@booking.com;jmeasomgw@prlog.org;7;M
709;Patsy;Dilworth;pdilworthgx@geocities.jp;pdilworthgx@irs.gov;7;M
710;Tulley;Bathoe;tbathoegy@stanford.edu;tbathoegy@spotify.com;7;M
711;Isabeau;Dobrovolny;idobrovolnygz@mediafire.com;idobrovolnygz@irs.gov;7;M
712;Barron;Bellingham;bbellinghamh0@ycombinator.com;bbellinghamh0@cocolog-nifty.com;7;M
713;Ana;Whiterod;awhiterodh1@blogs.com;awhiterodh1@aol.com;7;M
714;Ina;Brownell;ibrownellh2@amazon.co.jp;ibrownellh2@prweb.com;7;M
715;Alfred;McIan;amcianh3@123-reg.co.uk;amcianh3@photobucket.com;7;M
716;Randal;Ashard;rashardh4@issuu.com;rashardh4@prlog.org;7;M
717;Alan;Sutcliff;asutcliffh5@google.co.uk;asutcliffh5@mapquest.com;7;M
718;Willamina;Powley;wpowleyh6@deviantart.com;wpowleyh6@hao123.com;7;M
719;Auberon;Adenot;aadenoth7@barnesandnoble.com;aadenoth7@skyrock.com;7;M
720;Dagmar;Pudge;dpudgeh8@ted.com;dpudgeh8@wordpress.com;7;M
721;Blake;Laskey;blaskeyh9@twitpic.com;blaskeyh9@wunderground.com;7;M
722;Corrinne;Wyson;cwysonha@is.gd;cwysonha@constantcontact.com;7;M
723;Loretta;Melrose;lmelrosehb@bluehost.com;lmelrosehb@people.com.cn;7;M
724;Griffie;Pyett;gpyetthc@youtu.be;gpyetthc@nbcnews.com;7;M
725;Raffaello;Rochelle;rrochellehd@123-reg.co.uk;rrochellehd@microsoft.com;7;M
726;Pansy;Harradine;pharradinehe@goo.ne.jp;pharradinehe@photobucket.com;7;M
727;Beverly;Claydon;bclaydonhf@acquirethisname.com;bclaydonhf@wisc.edu;7;M
728;Prent;Maudlen;pmaudlenhg@t-online.de;pmaudlenhg@ibm.com;7;M
729;Carlin;Ledgister;cledgisterhh@jiathis.com;cledgisterhh@google.pl;7;M
730;Vaughn;Wombwell;vwombwellhi@biblegateway.com;vwombwellhi@rambler.ru;7;M
731;Weston;Mangeon;wmangeonhj@army.mil;wmangeonhj@cnn.com;7;M
732;Aggie;Leghorn;aleghornhk@acquirethisname.com;aleghornhk@umich.edu;7;M
733;Nadean;Martinovic;nmartinovichl@plala.or.jp;nmartinovichl@ft.com;7;M
734;Arlen;MacFarlane;amacfarlanehm@bloglines.com;amacfarlanehm@google.com.hk;7;M
735;Cornell;St. Leger;cstlegerhn@apache.org;cstlegerhn@linkedin.com;7;M
736;Honey;Dunge;hdungeho@businesswire.com;hdungeho@twitpic.com;7;M
737;Christoforo;Scarlet;cscarlethp@yale.edu;cscarlethp@cnbc.com;7;M
738;Garey;Ende;gendehq@google.co.uk;gendehq@wsj.com;7;M
739;Cleve;Kingsnode;ckingsnodehr@businesswire.com;ckingsnodehr@g.co;7;M
740;Nilson;Tudgay;ntudgayhs@walmart.com;ntudgayhs@msn.com;7;M
741;Marta;Andrusyak;mandrusyakht@usnews.com;mandrusyakht@yelp.com;7;M
742;Chic;Mateu;cmateuhu@phpbb.com;cmateuhu@etsy.com;7;M
743;Kerrill;Storrock;kstorrockhv@nps.gov;kstorrockhv@prweb.com;7;M
744;Blanche;Braven;bbravenhw@elpais.com;bbravenhw@qq.com;7;M
745;Harley;Botten;hbottenhx@goo.ne.jp;hbottenhx@de.vu;7;M
746;Filippa;Plom;fplomhy@printfriendly.com;fplomhy@forbes.com;7;M
747;Reeva;Baldack;rbaldackhz@tinypic.com;rbaldackhz@creativecommons.org;7;M
748;Barry;Taplin;btaplini0@state.tx.us;btaplini0@bloglines.com;7;M
749;Mendie;Lovelace;mlovelacei1@g.co;mlovelacei1@t.co;7;M
750;Prisca;Abramowsky;pabramowskyi2@ox.ac.uk;pabramowskyi2@hhs.gov;7;M
751;Anica;Mooreed;amooreedi3@answers.com;amooreedi3@github.com;7;M
752;Lyle;Redan;lredani4@wufoo.com;lredani4@histats.com;7;M
753;Trip;Gullen;tgulleni5@gnu.org;tgulleni5@histats.com;7;M
754;Piotr;Trewinnard;ptrewinnardi6@ucsd.edu;ptrewinnardi6@amazon.co.uk;7;M
755;Tilda;Wigzell;twigzelli7@accuweather.com;twigzelli7@apache.org;7;M
756;Norry;Bolger;nbolgeri8@state.gov;nbolgeri8@mac.com;7;M
757;Garland;D'Hooge;gdhoogei9@columbia.edu;gdhoogei9@google.cn;7;M
758;Andres;Iannuzzelli;aiannuzzelliia@imageshack.us;aiannuzzelliia@nhs.uk;7;M
759;Upton;ducarme;uducarmeib@usda.gov;uducarmeib@sitemeter.com;7;M
760;Nana;Matelaitis;nmatelaitisic@ustream.tv;nmatelaitisic@taobao.com;7;M
761;Shirleen;Wayvill;swayvillid@baidu.com;swayvillid@freewebs.com;7;M
762;Codie;Murray;cmurrayie@printfriendly.com;cmurrayie@dyndns.org;7;M
763;Vanessa;Fraanchyonok;vfraanchyonokif@nasa.gov;vfraanchyonokif@omniture.com;7;M
764;Camile;Klima;cklimaig@ucoz.com;cklimaig@nymag.com;7;M
765;Waneta;Hendrix;whendrixih@prweb.com;whendrixih@slideshare.net;7;M
766;Chaddie;Delete;cdeleteii@abc.net.au;cdeleteii@bravesites.com;7;M
767;Reube;Riccione;rriccioneij@boston.com;rriccioneij@mlb.com;7;M
768;Aubrie;Polland;apollandik@wsj.com;apollandik@google.de;7;M
769;Ami;Derill;aderillil@studiopress.com;aderillil@spiegel.de;7;M
770;Randie;Skpsey;rskpseyim@amazon.co.uk;rskpseyim@topsy.com;7;M
771;Cara;Conradsen;cconradsenin@feedburner.com;cconradsenin@indiatimes.com;7;M
772;Mario;Shulem;mshulemio@hc360.com;mshulemio@miitbeian.gov.cn;7;M
773;Milty;McGrotty;mmcgrottyip@msu.edu;mmcgrottyip@g.co;7;M
774;Aileen;Airlie;aairlieiq@seattletimes.com;aairlieiq@e-recht24.de;7;M
775;Idell;Mouland;imoulandir@washington.edu;imoulandir@wordpress.org;7;M
776;Rivy;Brobyn;rbrobynis@behance.net;rbrobynis@zdnet.com;7;M
777;Demetri;Aikman;daikmanit@ifeng.com;daikmanit@youtube.com;7;M
778;Kath;Sikorski;ksikorskiiu@economist.com;ksikorskiiu@mapquest.com;7;M
779;Neal;Langland;nlanglandiv@fc2.com;nlanglandiv@jigsy.com;7;M
780;Leola;De'Ath;ldeathiw@phoca.cz;ldeathiw@taobao.com;7;M
781;Simon;Garmey;sgarmeyix@paypal.com;sgarmeyix@slideshare.net;7;M
782;Cordelia;Langman;clangmaniy@w3.org;clangmaniy@nyu.edu;7;M
783;Dugald;Escritt;descrittiz@ameblo.jp;descrittiz@yale.edu;7;M
784;Timi;Dewen;tdewenj0@bluehost.com;tdewenj0@reuters.com;7;M
785;Moina;MacDermid;mmacdermidj1@wsj.com;mmacdermidj1@hostgator.com;7;M
786;Gaynor;Guyonnet;gguyonnetj2@samsung.com;gguyonnetj2@cbslocal.com;7;M
787;Paxon;Rillett;prillettj3@apache.org;prillettj3@bravesites.com;7;M
788;Lemar;Berry;lberryj4@cisco.com;lberryj4@umn.edu;7;M
789;Kory;Fildery;kfilderyj5@themeforest.net;kfilderyj5@biblegateway.com;7;M
790;Collen;Rignall;crignallj6@bloomberg.com;crignallj6@homestead.com;7;M
791;Kevin;Northey;knortheyj7@drupal.org;knortheyj7@cnbc.com;7;M
792;Shellie;Smaridge;ssmaridgej8@vinaora.com;ssmaridgej8@skyrock.com;7;M
793;Jory;Gonthier;jgonthierj9@china.com.cn;jgonthierj9@gov.uk;7;M
794;Danyelle;Bridgewater;dbridgewaterja@tinypic.com;dbridgewaterja@netlog.com;7;M
795;Stacee;Healings;shealingsjb@cloudflare.com;shealingsjb@virginia.edu;7;M
796;Beverly;Vickors;bvickorsjc@wikimedia.org;bvickorsjc@is.gd;7;M
797;Leigh;Cartwight;lcartwightjd@guardian.co.uk;lcartwightjd@technorati.com;7;M
798;Wat;Loidl;wloidlje@earthlink.net;wloidlje@bigcartel.com;7;M
799;Lenette;Busk;lbuskjf@nifty.com;lbuskjf@webnode.com;7;M
800;Emmery;Bosden;ebosdenjg@un.org;ebosdenjg@webmd.com;8;M
801;Drusy;Proudlove;dproudlovejh@alibaba.com;dproudlovejh@w3.org;8;M
802;Barney;Tolussi;btolussiji@yahoo.co.jp;btolussiji@ted.com;8;M
803;Nelle;Danjoie;ndanjoiejj@wired.com;ndanjoiejj@netvibes.com;8;M
804;Raina;Mingardi;rmingardijk@sina.com.cn;rmingardijk@about.com;8;M
805;De witt;Druce;ddrucejl@cafepress.com;ddrucejl@google.fr;8;M
806;Bili;McGaraghan;bmcgaraghanjm@google.ca;bmcgaraghanjm@goodreads.com;8;M
807;Terza;Pering;tperingjn@devhub.com;tperingjn@twitter.com;8;M
808;Jobye;McClay;jmcclayjo@blogtalkradio.com;jmcclayjo@microsoft.com;8;M
809;Casi;Wadhams;cwadhamsjp@nasa.gov;cwadhamsjp@unblog.fr;8;M
810;Cthrine;Kerfut;ckerfutjq@shutterfly.com;ckerfutjq@dell.com;8;M
811;Mariska;Noar;mnoarjr@nature.com;mnoarjr@twitter.com;8;M
812;Friedrick;Gadault;fgadaultjs@i2i.jp;fgadaultjs@gmpg.org;8;M
813;Rosalinde;Horstead;rhorsteadjt@reverbnation.com;rhorsteadjt@house.gov;8;M
814;Farr;Giamo;fgiamoju@tuttocitta.it;fgiamoju@list-manage.com;8;M
815;Pate;Balden;pbaldenjv@webnode.com;pbaldenjv@blogspot.com;8;M
816;Richie;Caudrelier;rcaudrelierjw@skyrock.com;rcaudrelierjw@1688.com;8;M
817;Pauline;Hopkyns;phopkynsjx@trellian.com;phopkynsjx@ebay.co.uk;8;M
818;Benoit;Urry;burryjy@google.co.uk;burryjy@cmu.edu;8;M
819;Albina;Stephenson;astephensonjz@nature.com;astephensonjz@examiner.com;8;M
820;Mace;Bothwell;mbothwellk0@whitehouse.gov;mbothwellk0@simplemachines.org;8;M
821;Gunter;Mash;gmashk1@edublogs.org;gmashk1@cafepress.com;8;M
822;Karlotta;Godbert;kgodbertk2@cpanel.net;kgodbertk2@ihg.com;8;M
823;Elsinore;Musto;emustok3@ustream.tv;emustok3@oakley.com;8;M
824;Shaylynn;Pleasants;spleasantsk4@goo.ne.jp;spleasantsk4@tripadvisor.com;8;M
825;Auberon;Symon;asymonk5@over-blog.com;asymonk5@example.com;8;M
826;Christan;Prinnett;cprinnettk6@sciencedaily.com;cprinnettk6@dot.gov;8;M
827;Stewart;Yakobovitz;syakobovitzk7@exblog.jp;syakobovitzk7@apple.com;8;M
828;Oralie;Boydle;oboydlek8@reverbnation.com;oboydlek8@cloudflare.com;8;M
829;Vanya;Fantone;vfantonek9@studiopress.com;vfantonek9@dell.com;8;M
830;Abey;Preece;apreeceka@furl.net;apreeceka@cargocollective.com;8;M
831;Shae;Daveley;sdaveleykb@merriam-webster.com;sdaveleykb@state.gov;8;M
832;Gloria;Ridley;gridleykc@devhub.com;gridleykc@shutterfly.com;8;M
833;Garreth;Mendenhall;gmendenhallkd@webeden.co.uk;gmendenhallkd@twitter.com;8;M
834;Jessalin;Desaur;jdesaurke@php.net;jdesaurke@sun.com;8;M
835;Shell;Lamkin;slamkinkf@baidu.com;slamkinkf@disqus.com;8;M
836;Rosabella;Dugood;rdugoodkg@omniture.com;rdugoodkg@ibm.com;8;M
837;Carver;Dyble;cdyblekh@list-manage.com;cdyblekh@mlb.com;8;M
838;Aron;McElrea;amcelreaki@tamu.edu;amcelreaki@techcrunch.com;8;M
839;Marita;Cavendish;mcavendishkj@ibm.com;mcavendishkj@alibaba.com;8;M
840;Ase;Elliston;aellistonkk@alexa.com;aellistonkk@facebook.com;8;M
841;Sophia;Buckenhill;sbuckenhillkl@mozilla.com;sbuckenhillkl@ifeng.com;8;M
842;Sena;Mcettrick;smcettrickkm@reference.com;smcettrickkm@usatoday.com;8;M
843;Sebastien;Circuit;scircuitkn@ovh.net;scircuitkn@com.com;8;M
844;Sybila;D'Aubney;sdaubneyko@imgur.com;sdaubneyko@arizona.edu;8;M
845;Karlyn;Glasard;kglasardkp@nifty.com;kglasardkp@amazon.de;8;M
846;Friedrick;D'Enrico;fdenricokq@latimes.com;fdenricokq@umich.edu;8;M
847;Leonard;Fackney;lfackneykr@abc.net.au;lfackneykr@xinhuanet.com;8;M
848;Kippar;Coleshill;kcoleshillks@dyndns.org;kcoleshillks@europa.eu;8;M
849;Waverly;Aiskovitch;waiskovitchkt@cpanel.net;waiskovitchkt@tmall.com;8;M
850;Aura;Dilgarno;adilgarnoku@opensource.org;adilgarnoku@nationalgeographic.com;8;M
851;Cris;Meagher;cmeagherkv@typepad.com;cmeagherkv@blogs.com;8;M
852;Elisa;D'eathe;edeathekw@hugedomains.com;edeathekw@hao123.com;8;M
853;Giorgi;Kinghorne;gkinghornekx@sciencedaily.com;gkinghornekx@house.gov;8;M
854;Wilhelmina;McAulay;wmcaulayky@thetimes.co.uk;wmcaulayky@home.pl;8;M
855;Fidelity;Keward;fkewardkz@webeden.co.uk;fkewardkz@ow.ly;8;M
856;Easter;Charlot;echarlotl0@weebly.com;echarlotl0@yahoo.com;8;M
857;Godart;Antal;gantall1@e-recht24.de;gantall1@tiny.cc;8;M
858;Noble;Daveran;ndaveranl2@statcounter.com;ndaveranl2@cam.ac.uk;8;M
859;Wynn;Chinn;wchinnl3@webs.com;wchinnl3@mapy.cz;8;M
860;Harriett;Buney;hbuneyl4@imageshack.us;hbuneyl4@etsy.com;8;M
861;Bidget;Pozer;bpozerl5@japanpost.jp;bpozerl5@tmall.com;8;M
862;Karissa;Eddicott;keddicottl6@tiny.cc;keddicottl6@360.cn;8;M
863;Simone;Symper;ssymperl7@biglobe.ne.jp;ssymperl7@booking.com;8;M
864;Gradeigh;Matteo;gmatteol8@msu.edu;gmatteol8@51.la;8;M
865;Agata;Arens;aarensl9@dailymotion.com;aarensl9@digg.com;8;M
866;Jena;Gamlyn;jgamlynla@bandcamp.com;jgamlynla@wordpress.com;8;M
867;Phyllis;Sporrij;psporrijlb@lycos.com;psporrijlb@phpbb.com;8;M
868;Greta;Ferreira;gferreiralc@opensource.org;gferreiralc@intel.com;8;M
869;Antonino;Dennant;adennantld@gizmodo.com;adennantld@netscape.com;8;M
870;Alvis;McCloughen;amccloughenle@pinterest.com;amccloughenle@hubpages.com;8;M
871;Bord;Forder;bforderlf@nbcnews.com;bforderlf@jugem.jp;8;M
872;Nilson;Dowthwaite;ndowthwaitelg@marketwatch.com;ndowthwaitelg@comcast.net;8;M
873;Florence;Philipet;fphilipetlh@purevolume.com;fphilipetlh@wix.com;8;M
874;Hymie;Irons;hironsli@msn.com;hironsli@opensource.org;8;M
875;Quinn;Hause;qhauselj@cnn.com;qhauselj@irs.gov;8;M
876;Tate;Hiddsley;thiddsleylk@blogs.com;thiddsleylk@hatena.ne.jp;8;M
877;Sal;Custance;scustancell@forbes.com;scustancell@ovh.net;8;M
878;Wendel;MacConnell;wmacconnelllm@wsj.com;wmacconnelllm@qq.com;8;M
879;Toiboid;Feldberger;tfeldbergerln@google.co.uk;tfeldbergerln@nifty.com;8;M
880;Louisette;Tomkins;ltomkinslo@dailymail.co.uk;ltomkinslo@sbwire.com;8;M
881;Monro;Fridaye;mfridayelp@newyorker.com;mfridayelp@bbb.org;8;M
882;Anatola;Pallant;apallantlq@godaddy.com;apallantlq@businessweek.com;8;M
883;Beaufort;Laingmaid;blaingmaidlr@tamu.edu;blaingmaidlr@wired.com;8;M
884;Dave;Emeney;demeneyls@mozilla.com;demeneyls@weather.com;8;M
885;Della;Mills;dmillslt@discuz.net;dmillslt@wikispaces.com;8;M
886;Kessiah;Metrick;kmetricklu@geocities.jp;kmetricklu@yellowbook.com;8;M
887;Cornie;Thoms;cthomslv@hatena.ne.jp;cthomslv@irs.gov;8;M
888;Mariquilla;Plenderleith;mplenderleithlw@ebay.co.uk;mplenderleithlw@icio.us;8;M
889;Isadore;Millhouse;imillhouselx@washingtonpost.com;imillhouselx@naver.com;8;M
890;Gregg;McCrie;gmccriely@yellowbook.com;gmccriely@hhs.gov;8;M
891;Ericha;Heliot;eheliotlz@ucla.edu;eheliotlz@typepad.com;8;M
892;Aloysia;Glader;agladerm0@psu.edu;agladerm0@wisc.edu;8;M
893;Malva;Cottell;mcottellm1@jalbum.net;mcottellm1@goodreads.com;8;M
894;Griff;Winfred;gwinfredm2@digg.com;gwinfredm2@hud.gov;8;M
895;Guglielma;Weddeburn;gweddeburnm3@kickstarter.com;gweddeburnm3@technorati.com;8;M
896;Laurianne;Tune;ltunem4@feedburner.com;ltunem4@hatena.ne.jp;8;M
897;Rouvin;Revitt;rrevittm5@ebay.co.uk;rrevittm5@sitemeter.com;8;M
898;Arnaldo;Rubberts;arubbertsm6@behance.net;arubbertsm6@ycombinator.com;8;M
899;Darrelle;Stiven;dstivenm7@free.fr;dstivenm7@webeden.co.uk;8;M
900;Cosme;Burdfield;cburdfieldm8@ask.com;cburdfieldm8@shop-pro.jp;9;M
901;Forbes;Button;fbuttonm9@cocolog-nifty.com;fbuttonm9@ucoz.ru;9;M
902;Merla;Gerlts;mgerltsma@taobao.com;mgerltsma@chronoengine.com;9;M
903;Blake;Tranmer;btranmermb@jimdo.com;btranmermb@youtu.be;9;M
904;Vinnie;Coakley;vcoakleymc@prlog.org;vcoakleymc@umich.edu;9;M
905;Maurita;Petris;mpetrismd@seattletimes.com;mpetrismd@tumblr.com;9;M
906;Cori;Tedahl;ctedahlme@gov.uk;ctedahlme@about.me;9;M
907;Tamarra;Chatto;tchattomf@npr.org;tchattomf@sakura.ne.jp;9;M
908;Therine;Pawelke;tpawelkemg@angelfire.com;tpawelkemg@hibu.com;9;M
909;Duffie;Have;dhavemh@drupal.org;dhavemh@acquirethisname.com;9;M
910;Karim;Fries;kfriesmi@studiopress.com;kfriesmi@phpbb.com;9;M
911;Chrissy;Dommersen;cdommersenmj@feedburner.com;cdommersenmj@ovh.net;9;M
912;Jenna;McLeary;jmclearymk@51.la;jmclearymk@sourceforge.net;9;M
913;Wini;Pagitt;wpagittml@ed.gov;wpagittml@usnews.com;9;M
914;Lenci;Tancock;ltancockmm@time.com;ltancockmm@house.gov;9;M
915;Venus;Vasiliu;vvasiliumn@walmart.com;vvasiliumn@oakley.com;9;M
916;Nadine;Maleney;nmaleneymo@barnesandnoble.com;nmaleneymo@hibu.com;9;M
917;Marlee;Pichan;mpichanmp@live.com;mpichanmp@goodreads.com;9;M
918;Nady;Diggar;ndiggarmq@amazonaws.com;ndiggarmq@cargocollective.com;9;M
919;Bekki;Maffione;bmaffionemr@jiathis.com;bmaffionemr@deliciousdays.com;9;M
920;Reeta;Potebury;rpoteburyms@drupal.org;rpoteburyms@photobucket.com;9;M
921;Nisse;Bezant;nbezantmt@elpais.com;nbezantmt@shutterfly.com;9;M
922;Reilly;Chater;rchatermu@amazon.de;rchatermu@histats.com;9;M
923;Alwyn;Scahill;ascahillmv@webmd.com;ascahillmv@netlog.com;9;M
924;Cathie;Soppett;csoppettmw@flickr.com;csoppettmw@pagesperso-orange.fr;9;M
925;Pembroke;Byres;pbyresmx@washingtonpost.com;pbyresmx@home.pl;9;M
926;Thomasine;Van Castele;tvancastelemy@cdc.gov;tvancastelemy@parallels.com;9;M
927;Godfry;Pedron;gpedronmz@wufoo.com;gpedronmz@unicef.org;9;M
928;Karole;Rawsthorne;krawsthornen0@friendfeed.com;krawsthornen0@seesaa.net;9;M
929;Germaine;Jahnke;gjahnken1@ucoz.com;gjahnken1@cyberchimps.com;9;M
930;Em;Drable;edrablen2@cocolog-nifty.com;edrablen2@theguardian.com;9;M
931;Ive;Lengthorn;ilengthornn3@purevolume.com;ilengthornn3@goodreads.com;9;M
932;Cobby;Lacrouts;clacroutsn4@imdb.com;clacroutsn4@phoca.cz;9;M
933;Salomon;Dummer;sdummern5@google.com.hk;sdummern5@thetimes.co.uk;9;M
934;Alayne;McLugish;amclugishn6@360.cn;amclugishn6@about.me;9;M
935;Marcellus;Siviour;msiviourn7@g.co;msiviourn7@state.tx.us;9;M
936;Mignonne;Gethings;mgethingsn8@cargocollective.com;mgethingsn8@army.mil;9;M
937;Dede;Lumsdale;dlumsdalen9@uol.com.br;dlumsdalen9@wiley.com;9;M
938;Molly;Kochlin;mkochlinna@pcworld.com;mkochlinna@rakuten.co.jp;9;M
939;Shauna;Drake;sdrakenb@scientificamerican.com;sdrakenb@blogger.com;9;M
940;Alessandra;Tchaikovsky;atchaikovskync@businesswire.com;atchaikovskync@woothemes.com;9;M
941;Hallie;Whittock;hwhittocknd@blogtalkradio.com;hwhittocknd@ca.gov;9;M
942;Orren;Litherland;olitherlandne@huffingtonpost.com;olitherlandne@youtube.com;9;M
943;Lynelle;Gergus;lgergusnf@ovh.net;lgergusnf@economist.com;9;M
944;Nico;Hadenton;nhadentonng@bloomberg.com;nhadentonng@constantcontact.com;9;M
945;Parrnell;Seegar;pseegarnh@weebly.com;pseegarnh@spiegel.de;9;M
946;Greg;Filoniere;gfiloniereni@ocn.ne.jp;gfiloniereni@geocities.com;9;M
947;Corey;Busch;cbuschnj@ning.com;cbuschnj@shinystat.com;9;M
948;Nappie;Antrag;nantragnk@weather.com;nantragnk@microsoft.com;9;M
949;Barbara;Egel;begelnl@theatlantic.com;begelnl@uol.com.br;9;M
950;Erina;Polin;epolinnm@bandcamp.com;epolinnm@icio.us;9;M
951;Isador;Baxstar;ibaxstarnn@acquirethisname.com;ibaxstarnn@cmu.edu;9;M
952;Idalia;Boddie;iboddieno@fema.gov;iboddieno@simplemachines.org;9;M
953;Salaidh;Giacopazzi;sgiacopazzinp@desdev.cn;sgiacopazzinp@miibeian.gov.cn;9;M
954;Kerby;Bebbington;kbebbingtonnq@printfriendly.com;kbebbingtonnq@wikimedia.org;9;M
955;Jae;Massie;jmassienr@cbc.ca;jmassienr@bloomberg.com;9;M
956;Trace;Crickmoor;tcrickmoorns@ovh.net;tcrickmoorns@symantec.com;9;M
957;Karlene;Youles;kyoulesnt@answers.com;kyoulesnt@google.fr;9;M
958;Cash;Purkis;cpurkisnu@imgur.com;cpurkisnu@gov.uk;9;M
959;Basilius;Justham;bjusthamnv@dropbox.com;bjusthamnv@nyu.edu;9;M
960;Otis;McKnockiter;omcknockiternw@stumbleupon.com;omcknockiternw@infoseek.co.jp;9;M
961;Debor;Audus;daudusnx@tripod.com;daudusnx@pcworld.com;9;M
962;Robin;Ledbetter;rledbetterny@harvard.edu;rledbetterny@w3.org;9;M
963;Lilllie;Eriksson;lerikssonnz@ask.com;lerikssonnz@twitpic.com;9;M
964;Lira;Tregoning;ltregoningo0@slate.com;ltregoningo0@wordpress.org;9;M
965;Roman;Currington;rcurringtono1@usa.gov;rcurringtono1@google.ca;9;M
966;Mercy;Filip;mfilipo2@fda.gov;mfilipo2@house.gov;9;M
967;Zachery;Hanratty;zhanrattyo3@1688.com;zhanrattyo3@squarespace.com;9;M
968;Jacklyn;Daffern;jdafferno4@networkadvertising.org;jdafferno4@bluehost.com;9;M
969;Lonna;Allan;lallano5@yolasite.com;lallano5@youtu.be;9;M
970;Thomasina;McCague;tmccagueo6@imageshack.us;tmccagueo6@yale.edu;9;M
971;Edgar;Giovannacci;egiovannaccio7@shinystat.com;egiovannaccio7@studiopress.com;9;M
972;Sandor;Brighouse;sbrighouseo8@mediafire.com;sbrighouseo8@engadget.com;9;M
973;Roxy;Sivior;rsivioro9@independent.co.uk;rsivioro9@gov.uk;9;M
974;Aloisia;Meert;ameertoa@dell.com;ameertoa@about.com;9;M
975;Norby;Ummfrey;nummfreyob@sina.com.cn;nummfreyob@wikispaces.com;9;M
976;Bink;Tregaskis;btregaskisoc@addthis.com;btregaskisoc@abc.net.au;9;M
977;Mark;Lavielle;mlavielleod@smugmug.com;mlavielleod@uol.com.br;9;M
978;Marya;Byard;mbyardoe@seattletimes.com;mbyardoe@naver.com;9;M
979;Justen;Crich;jcrichof@wordpress.org;jcrichof@bing.com;9;M
980;Porty;Sobieski;psobieskiog@canalblog.com;psobieskiog@howstuffworks.com;9;M
981;Gene;Synnott;gsynnottoh@toplist.cz;gsynnottoh@mashable.com;9;M
982;Phillipe;Cleverly;pcleverlyoi@opensource.org;pcleverlyoi@gravatar.com;9;M
983;Steven;Snare;ssnareoj@yellowbook.com;ssnareoj@zdnet.com;9;M
984;Gardiner;Varsey;gvarseyok@123-reg.co.uk;gvarseyok@bravesites.com;9;M
985;Conan;McCard;cmccardol@yahoo.co.jp;cmccardol@merriam-webster.com;9;M
986;Ethyl;Walters;ewaltersom@addtoany.com;ewaltersom@patch.com;9;M
987;Udale;Lunt;ulunton@blinklist.com;ulunton@hugedomains.com;9;M
988;Seline;Hynes;shynesoo@diigo.com;shynesoo@imgur.com;9;M
989;Clayborn;Christoffersen;cchristoffersenop@livejournal.com;cchristoffersenop@ebay.co.uk;9;M
990;Goraud;Malek;gmalekoq@marketwatch.com;gmalekoq@clickbank.net;9;M
991;Kerwinn;Vagg;kvaggor@dyndns.org;kvaggor@mashable.com;9;M
992;Berna;Hemmingway;bhemmingwayos@stanford.edu;bhemmingwayos@blogspot.com;9;M
993;Rosalinde;Von Salzberg;rvonsalzbergot@shinystat.com;rvonsalzbergot@springer.com;9;M
994;Nealon;Attlee;nattleeou@freewebs.com;nattleeou@wufoo.com;9;M
995;Dwayne;Knapton;dknaptonov@whitehouse.gov;dknaptonov@mtv.com;9;M
996;Chiquita;Tanslie;ctanslieow@drupal.org;ctanslieow@constantcontact.com;9;M
997;Duke;Vasyukhnov;dvasyukhnovox@histats.com;dvasyukhnovox@lulu.com;9;M
998;Josselyn;Picott;jpicottoy@state.tx.us;jpicottoy@prnewswire.com;9;M
999;Avrit;Manuelli;amanuellioz@quantcast.com;amanuellioz@census.gov;9;M
